-- MySQL dump 10.13  Distrib 5.7.32, for Linux (x86_64)
--
-- Host: localhost    Database: inv
-- ------------------------------------------------------
-- Server version	5.7.32-0ubuntu0.18.04.1

/*!40101 SET @OLD_CHARACTER_SET_CLIENT=@@CHARACTER_SET_CLIENT */;
/*!40101 SET @OLD_CHARACTER_SET_RESULTS=@@CHARACTER_SET_RESULTS */;
/*!40101 SET @OLD_COLLATION_CONNECTION=@@COLLATION_CONNECTION */;
/*!40101 SET NAMES utf8 */;
/*!40103 SET @OLD_TIME_ZONE=@@TIME_ZONE */;
/*!40103 SET TIME_ZONE='+00:00' */;
/*!40014 SET @OLD_UNIQUE_CHECKS=@@UNIQUE_CHECKS, UNIQUE_CHECKS=0 */;
/*!40014 SET @OLD_FOREIGN_KEY_CHECKS=@@FOREIGN_KEY_CHECKS, FOREIGN_KEY_CHECKS=0 */;
/*!40101 SET @OLD_SQL_MODE=@@SQL_MODE, SQL_MODE='NO_AUTO_VALUE_ON_ZERO' */;
/*!40111 SET @OLD_SQL_NOTES=@@SQL_NOTES, SQL_NOTES=0 */;

--
-- Table structure for table `activity_log`
--

DROP TABLE IF EXISTS `activity_log`;
/*!40101 SET @saved_cs_client     = @@character_set_client */;
/*!40101 SET character_set_client = utf8 */;
CREATE TABLE `activity_log` (
  `id` bigint(20) unsigned NOT NULL AUTO_INCREMENT,
  `log_name` varchar(255) COLLATE utf8mb4_unicode_ci DEFAULT NULL,
  `description` text COLLATE utf8mb4_unicode_ci NOT NULL,
  `subject_id` bigint(20) unsigned DEFAULT NULL,
  `subject_type` varchar(255) COLLATE utf8mb4_unicode_ci DEFAULT NULL,
  `causer_id` bigint(20) unsigned DEFAULT NULL,
  `causer_type` varchar(255) COLLATE utf8mb4_unicode_ci DEFAULT NULL,
  `properties` json DEFAULT NULL,
  `created_at` timestamp NULL DEFAULT NULL,
  `updated_at` timestamp NULL DEFAULT NULL,
  PRIMARY KEY (`id`),
  KEY `activity_log_log_name_index` (`log_name`),
  KEY `subject` (`subject_id`,`subject_type`),
  KEY `causer` (`causer_id`,`causer_type`)
) ENGINE=InnoDB AUTO_INCREMENT=45 DEFAULT CHARSET=utf8mb4 COLLATE=utf8mb4_unicode_ci;
/*!40101 SET character_set_client = @saved_cs_client */;

--
-- Dumping data for table `activity_log`
--

LOCK TABLES `activity_log` WRITE;
/*!40000 ALTER TABLE `activity_log` DISABLE KEYS */;
INSERT INTO `activity_log` VALUES (1,'default','created',1,'App\\Area',NULL,NULL,'[]','2020-10-09 04:54:16','2020-10-09 04:54:16'),(2,'default','created',2,'App\\Area',NULL,NULL,'[]','2020-10-09 04:54:16','2020-10-09 04:54:16'),(3,'default','created',3,'App\\Area',NULL,NULL,'[]','2020-10-09 04:54:16','2020-10-09 04:54:16'),(4,'default','created',4,'App\\Area',NULL,NULL,'[]','2020-10-09 04:54:16','2020-10-09 04:54:16'),(5,'default','created',5,'App\\Area',NULL,NULL,'[]','2020-10-09 04:54:16','2020-10-09 04:54:16'),(6,'default','created',1,'App\\User',NULL,NULL,'[]','2020-10-09 04:54:16','2020-10-09 04:54:16'),(7,'default','created',2,'App\\User',1,'App\\User','[]','2020-10-09 05:50:58','2020-10-09 05:50:58'),(8,'default','updated',2,'App\\User',2,'App\\User','[]','2020-10-13 00:33:50','2020-10-13 00:33:50'),(9,'default','updated',1,'App\\User',1,'App\\User','[]','2020-10-13 00:33:58','2020-10-13 00:33:58'),(10,'default','created',3,'App\\User',1,'App\\User','[]','2020-10-15 06:13:02','2020-10-15 06:13:02'),(11,'default','updated',1,'App\\User',1,'App\\User','[]','2020-10-15 06:13:22','2020-10-15 06:13:22'),(12,'default','updated',1,'App\\User',1,'App\\User','[]','2020-10-19 23:57:58','2020-10-19 23:57:58'),(13,'default','updated',2,'App\\User',2,'App\\User','[]','2020-10-21 01:53:53','2020-10-21 01:53:53'),(14,'default','updated',2,'App\\User',2,'App\\User','[]','2020-10-21 01:54:09','2020-10-21 01:54:09'),(15,'default','updated',2,'App\\User',2,'App\\User','[]','2020-10-21 02:01:18','2020-10-21 02:01:18'),(16,'default','updated',2,'App\\User',2,'App\\User','[]','2020-10-21 02:20:06','2020-10-21 02:20:06'),(17,'default','updated',2,'App\\User',2,'App\\User','[]','2020-10-21 02:23:06','2020-10-21 02:23:06'),(18,'default','updated',2,'App\\User',2,'App\\User','[]','2020-10-21 02:23:35','2020-10-21 02:23:35'),(19,'default','updated',2,'App\\User',2,'App\\User','[]','2020-10-21 02:27:27','2020-10-21 02:27:27'),(20,'default','updated',2,'App\\User',2,'App\\User','[]','2020-10-21 02:29:20','2020-10-21 02:29:20'),(21,'default','updated',2,'App\\User',2,'App\\User','[]','2020-10-21 02:32:58','2020-10-21 02:32:58'),(22,'default','created',4,'App\\User',1,'App\\User','[]','2020-10-21 08:01:08','2020-10-21 08:01:08'),(23,'default','updated',1,'App\\User',1,'App\\User','[]','2020-10-21 08:02:50','2020-10-21 08:02:50'),(24,'default','updated',2,'App\\User',2,'App\\User','[]','2020-10-21 08:03:35','2020-10-21 08:03:35'),(25,'default','updated',1,'App\\User',1,'App\\User','[]','2020-10-21 09:21:28','2020-10-21 09:21:28'),(26,'default','updated',1,'App\\User',1,'App\\User','[]','2020-10-22 06:12:40','2020-10-22 06:12:40'),(27,'default','updated',2,'App\\User',2,'App\\User','[]','2020-10-22 06:36:48','2020-10-22 06:36:48'),(28,'default','updated',3,'App\\User',3,'App\\User','[]','2020-10-22 06:42:53','2020-10-22 06:42:53'),(29,'default','updated',1,'App\\User',1,'App\\User','[]','2020-10-22 06:47:12','2020-10-22 06:47:12'),(30,'default','updated',2,'App\\User',2,'App\\User','[]','2020-10-22 06:55:03','2020-10-22 06:55:03'),(31,'default','updated',2,'App\\User',2,'App\\User','[]','2020-10-22 07:07:39','2020-10-22 07:07:39'),(32,'default','updated',1,'App\\User',1,'App\\User','[]','2020-10-22 07:15:53','2020-10-22 07:15:53'),(33,'default','updated',2,'App\\User',2,'App\\User','[]','2020-10-22 07:29:25','2020-10-22 07:29:25'),(34,'default','updated',1,'App\\User',1,'App\\User','[]','2020-10-22 07:32:14','2020-10-22 07:32:14'),(35,'default','updated',2,'App\\User',2,'App\\User','[]','2020-10-22 08:45:46','2020-10-22 08:45:46'),(36,'default','updated',2,'App\\User',2,'App\\User','[]','2020-10-22 22:37:49','2020-10-22 22:37:49'),(37,'default','updated',1,'App\\User',1,'App\\User','[]','2020-10-23 00:32:50','2020-10-23 00:32:50'),(38,'default','updated',3,'App\\User',1,'App\\User','[]','2020-10-23 03:19:17','2020-10-23 03:19:17'),(39,'default','updated',2,'App\\User',1,'App\\User','[]','2020-10-23 03:20:28','2020-10-23 03:20:28'),(40,'default','updated',4,'App\\User',1,'App\\User','[]','2020-10-23 03:21:01','2020-10-23 03:21:01'),(41,'default','updated',2,'App\\User',1,'App\\User','[]','2020-10-23 03:21:17','2020-10-23 03:21:17'),(42,'default','updated',2,'App\\User',1,'App\\User','[]','2020-10-23 03:29:19','2020-10-23 03:29:19'),(43,'default','updated',2,'App\\User',1,'App\\User','[]','2020-10-23 03:33:53','2020-10-23 03:33:53'),(44,'default','created',5,'App\\User',2,'App\\User','[]','2020-10-23 03:37:06','2020-10-23 03:37:06');
/*!40000 ALTER TABLE `activity_log` ENABLE KEYS */;
UNLOCK TABLES;

--
-- Table structure for table `areas`
--

DROP TABLE IF EXISTS `areas`;
/*!40101 SET @saved_cs_client     = @@character_set_client */;
/*!40101 SET character_set_client = utf8 */;
CREATE TABLE `areas` (
  `id` bigint(20) unsigned NOT NULL AUTO_INCREMENT,
  `area` varchar(255) COLLATE utf8mb4_unicode_ci NOT NULL,
  `created_at` timestamp NULL DEFAULT NULL,
  `updated_at` timestamp NULL DEFAULT NULL,
  PRIMARY KEY (`id`)
) ENGINE=InnoDB AUTO_INCREMENT=6 DEFAULT CHARSET=utf8mb4 COLLATE=utf8mb4_unicode_ci;
/*!40101 SET character_set_client = @saved_cs_client */;

--
-- Dumping data for table `areas`
--

LOCK TABLES `areas` WRITE;
/*!40000 ALTER TABLE `areas` DISABLE KEYS */;
INSERT INTO `areas` VALUES (1,'Metro Manila','2020-10-09 04:54:16','2020-10-09 04:54:16'),(2,'North Luzon','2020-10-09 04:54:16','2020-10-09 04:54:16'),(3,'South Luzon','2020-10-09 04:54:16','2020-10-09 04:54:16'),(4,'Visaya','2020-10-09 04:54:16','2020-10-09 04:54:16'),(5,'Mindanao','2020-10-09 04:54:16','2020-10-09 04:54:16');
/*!40000 ALTER TABLE `areas` ENABLE KEYS */;
UNLOCK TABLES;

--
-- Table structure for table `branches`
--

DROP TABLE IF EXISTS `branches`;
/*!40101 SET @saved_cs_client     = @@character_set_client */;
/*!40101 SET character_set_client = utf8 */;
CREATE TABLE `branches` (
  `id` bigint(20) unsigned NOT NULL AUTO_INCREMENT,
  `area_id` int(10) unsigned DEFAULT NULL,
  `branch` varchar(255) COLLATE utf8mb4_unicode_ci NOT NULL,
  `address` varchar(255) COLLATE utf8mb4_unicode_ci NOT NULL,
  `head` varchar(255) COLLATE utf8mb4_unicode_ci NOT NULL,
  `phone` varchar(255) COLLATE utf8mb4_unicode_ci NOT NULL,
  `email` varchar(255) COLLATE utf8mb4_unicode_ci DEFAULT NULL,
  `status` varchar(255) COLLATE utf8mb4_unicode_ci NOT NULL,
  `created_at` timestamp NULL DEFAULT NULL,
  `updated_at` timestamp NULL DEFAULT NULL,
  PRIMARY KEY (`id`)
) ENGINE=InnoDB AUTO_INCREMENT=1000 DEFAULT CHARSET=utf8mb4 COLLATE=utf8mb4_unicode_ci;
/*!40101 SET character_set_client = @saved_cs_client */;

--
-- Dumping data for table `branches`
--

LOCK TABLES `branches` WRITE;
/*!40000 ALTER TABLE `branches` DISABLE KEYS */;
INSERT INTO `branches` VALUES (1,1,'San Juan','441 Lt. Artiaga St., Brgy. Corazon De Jesus San Juan City','Vergilio Cabacungan','0998-5883595',NULL,'1',NULL,NULL),(2,1,'Mandaluyong','27 (659) Sanggumay St., Barangay Plainview, Mandaluyong City','Arnel Rose','0998-8488655',NULL,'1',NULL,NULL),(3,1,'Pasay/Manila','Unit 2038-B Dominga St., San Isidro District Zone 06, Brgy. 48, Pasay City','Frany Manjac','0999-2205373',NULL,'1',NULL,NULL),(4,1,'Cubao','101 C Stanford St., Brgy. E. Rodriguez Cubao Quezon City','Roman Mirabilla (OIC)','0998-8488650',NULL,'1',NULL,NULL),(5,1,'Caloocan','Generosa Apartment #382 EDSA Avenue Bagong Barrio Dist. Caloocan City MM','Glenn Roldan Abad','0998-5883594',NULL,'1',NULL,NULL),(6,1,'Parañaque','95 Orchids Brgy. San Dionisio Parañaque City','Alexander Cecista','0998-8488659',NULL,'1',NULL,NULL),(7,1,'Taytay','Blk. 3 Lot 3, Unit 9, Ortigas Ext. Glendale Village Brgy. Dolores Taytay Rizal','Armel Evans Esquivel','0999-2205374',NULL,'1',NULL,NULL),(8,1,'Alabang (Las Piñas)','Lot 14 Block 1 Golden Gate Subd. #3 Talon, Las Piñas','Arnold Cairo','0999-2205369',NULL,'1',NULL,NULL),(9,1,'Novaliches ','1736-C Joel St., Jordan Plains Subd. Novaliches Quezon City','Raul Magat','099-92205358',NULL,'1',NULL,NULL),(10,1,'Bulacan ','Unit 5 6 Masikap St Bgy. Mojon, Maunlad HomesSubd. PH 1 Malolos City','Frederick Lozano','0999-2205365',NULL,'1',NULL,NULL),(11,1,'Anabu ','St. Peter St., Block-10 Lot-10 Houseland Subd. Brgy. Anabu 1B Cavite','Rogelio Vinanwa Jr.','0998-8488626',NULL,'1',NULL,NULL),(12,1,'Puerto Princesa ','Princesa Homes, Wescom Road, Brgy. San Pedro, Puerto Princesa','Chino Tamking Jr.','0999-2205370',NULL,'1',NULL,NULL),(13,3,'Laguna','316 Unit C Camia St., Lakeview Subd. Brgy. Halang Calamba City Laguna','Lloyd Mendoza','0998-8488655',NULL,'1',NULL,NULL),(14,3,'Sta. Rosa','Blk 4 Lot 8 Florenceville, Tagapo, Sta. Rosa Laguna','Kenneth Aguilar','0998-8488661',NULL,'1',NULL,NULL),(15,3,'Bicol (Naga)','Rosario Apart. Door 4 Princeton St. Monterey Village  Concepcion Pequena Naga City ','Noe Sales','0999-2205403',NULL,'1',NULL,NULL),(16,3,'Legaspi','Unit #3 Doña Maria Subdivision Orendain Street, Tagas, Daraga Albay','Jay Jacobe','0999-2205392',NULL,'1',NULL,NULL),(17,3,'Lipa','0943 Brgy. Balintawak, Brgy Homes Subdivision, Orchid St., Lipa City Batangas','Davy Jones Guillermo','0998-5853396',NULL,'1',NULL,NULL),(18,3,'San Pablo','Door A. B. Atienza St., Brgy. Bagong Pook, San Pablo City','Reymar Lamac','0999-2205389',NULL,'1',NULL,NULL),(19,3,'Calapan','Block 11, Lot 8, Molave Village, Brgy. Sto. Niño Neo Calapan, Calapan City O. M.','Ariel De Castro (OIC)','0999-2205413',NULL,'1',NULL,NULL),(20,2,'Cabanatuan','#04 Del Rosario Apartment Don Manuel St., Brgy. Kapitan Pepe, Cabanatuan City Nueva Ecija','Jay Villasenor','0998-8488647',NULL,'1',NULL,NULL),(21,2,'Cauayan Isabela','#40 Don Jose Canciller Ave District 1 Cauayan City, Isabela','','',NULL,'1',NULL,NULL),(22,2,'Angeles Pampanga','Purok 1 Brgy. Camachiles Mabalacat City Pampanga','Guiller Mendoza (OIC)','0999-2205416',NULL,'1',NULL,NULL),(23,2,'Villasis','Bacag Norte, Villasis Pangasinan','Clinton Carlo Disu (OIC)','0999-2206507',NULL,'1',NULL,NULL),(24,2,'Dagupan ','Phase ll Dior Village Gladiola St., Dagupan City','Roel Eslava','0999-2206532',NULL,'1',NULL,NULL),(25,2,'Baguio','#43-A Palma Urbano St., Baguio City','Markdeo Galera','0999-2206521',NULL,'1',NULL,NULL),(26,2,'Vigan','4th Door of IZEA ZARA Apartments, Pantay Fatima, Vigan City, Ilocos Sur','','0925-8085822',NULL,'1',NULL,NULL),(27,5,'Davao','#80 Diamond Bldg., McArthur Hiway Matina Davao City','Vic Ikle Rey Vego','0998-5875432',NULL,'1',NULL,NULL),(28,5,'Gen. Santos','#3 South Osmeña cor. Waling Waling Sts., General Santos City','James Cordero','0998-5883595',NULL,'1',NULL,NULL),(29,5,'Cagayan De Oro','Door 1025 Punta Brgy. Bonbon Cagayan De Oro City','Jessie Tolibas','0999-2205425',NULL,'1',NULL,NULL),(30,5,'Butuan','#271 A G&G Apartment, Gabriel Village Libertad Butuan City','Marvin Balate','0999-2205429',NULL,'1',NULL,NULL),(31,5,'Pagadian','Brgy. Sto. Ninyo Purok Aguinaldo Door D Pastorizza Apartment Pagadian City','Ryan Batistil','0999-2205432',NULL,'1',NULL,NULL),(32,5,'Zamboanga','39 Sunrise Vilage, Guiwan, Zamboanga City / 39 Guiwan Road Brgy. Guiwan Zamboanga City Zamboanga','Mark John Lubaton (OIC)','0999-2206498',NULL,'1',NULL,NULL),(33,4,'Cebu','Door #3 302 F Atillo Subd. 2 Punta Princesa, Cebu City','Rolando Paras (OIC)','0998-5883593',NULL,'1',NULL,NULL),(34,4,'Ilo-Ilo','Door #12 Cecilia Apartment Argelles Ext., Jaro Ilo-Ilo City','Bernard Bravo','0998-5915158',NULL,'1',NULL,NULL),(35,4,'Bacolod','Manaloto Apartment Door 5 Cordova St. cor. Lacson St., Brgy. 18, Bac. City','','',NULL,'1',NULL,NULL),(36,4,'Tacloban ','Door #3. R and V Apartment, Brgy. 61 Sagkahan Tacloban City Leyte','Alvin Bucatcat','',NULL,'1',NULL,NULL),(999,NULL,'Warehouse','San juan','Jerome','123213',NULL,'1',NULL,NULL);
/*!40000 ALTER TABLE `branches` ENABLE KEYS */;
UNLOCK TABLES;

--
-- Table structure for table `categories`
--

DROP TABLE IF EXISTS `categories`;
/*!40101 SET @saved_cs_client     = @@character_set_client */;
/*!40101 SET character_set_client = utf8 */;
CREATE TABLE `categories` (
  `id` bigint(20) unsigned NOT NULL AUTO_INCREMENT,
  `category` varchar(255) COLLATE utf8mb4_unicode_ci NOT NULL,
  `created_at` timestamp NULL DEFAULT NULL,
  `updated_at` timestamp NULL DEFAULT NULL,
  PRIMARY KEY (`id`)
) ENGINE=InnoDB AUTO_INCREMENT=13 DEFAULT CHARSET=utf8mb4 COLLATE=utf8mb4_unicode_ci;
/*!40101 SET character_set_client = @saved_cs_client */;

--
-- Dumping data for table `categories`
--

LOCK TABLES `categories` WRITE;
/*!40000 ALTER TABLE `categories` DISABLE KEYS */;
INSERT INTO `categories` VALUES (1,'Monitor','2020-10-09 06:31:49','2020-10-09 06:31:49'),(2,'Power supply','2020-10-09 06:31:49','2020-10-09 06:31:49'),(3,'Adaptor','2020-10-09 06:31:49','2020-10-09 06:31:49'),(4,'Printer','2020-10-09 06:31:49','2020-10-09 06:31:49'),(5,'Scanner & glass','2020-10-09 06:31:49','2020-10-09 06:31:49'),(6,'Cash drawer','2020-10-09 06:31:49','2020-10-09 06:31:49'),(7,'Keyboard','2020-10-09 06:31:49','2020-10-09 06:31:49'),(8,'Hub','2020-10-09 06:31:50','2020-10-09 06:31:50'),(9,'I/o port & card','2020-10-09 06:31:50','2020-10-09 06:31:50'),(10,'Cable','2020-10-09 06:31:50','2020-10-09 06:31:50'),(11,'Accesories','2020-10-09 06:35:23','2020-10-09 06:35:23'),(12,'Vfd','2020-10-09 06:35:23','2020-10-09 06:35:23');
/*!40000 ALTER TABLE `categories` ENABLE KEYS */;
UNLOCK TABLES;

--
-- Table structure for table `customer_branches`
--

DROP TABLE IF EXISTS `customer_branches`;
/*!40101 SET @saved_cs_client     = @@character_set_client */;
/*!40101 SET character_set_client = utf8 */;
CREATE TABLE `customer_branches` (
  `id` bigint(20) unsigned NOT NULL AUTO_INCREMENT,
  `customer_id` varchar(50) COLLATE utf8mb4_unicode_ci DEFAULT NULL,
  `code` varchar(255) COLLATE utf8mb4_unicode_ci NOT NULL,
  `customer_branch` varchar(255) COLLATE utf8mb4_unicode_ci NOT NULL,
  `address` varchar(255) COLLATE utf8mb4_unicode_ci DEFAULT NULL,
  `contact` varchar(255) COLLATE utf8mb4_unicode_ci DEFAULT NULL,
  `created_at` timestamp NULL DEFAULT NULL,
  `updated_at` timestamp NULL DEFAULT NULL,
  PRIMARY KEY (`id`)
) ENGINE=InnoDB AUTO_INCREMENT=2063 DEFAULT CHARSET=utf8mb4 COLLATE=utf8mb4_unicode_ci;
/*!40101 SET character_set_client = @saved_cs_client */;

--
-- Dumping data for table `customer_branches`
--

LOCK TABLES `customer_branches` WRITE;
/*!40000 ALTER TABLE `customer_branches` DISABLE KEYS */;
INSERT INTO `customer_branches` VALUES (5,'﻿1','1',' Sta. Cruz - Bambang','1580 Bambang St., Sta. Cruz Manila 1003','711-7702 ; 711-7693 ; 711-7697',NULL,NULL),(6,'1','3',' Ayala Center Makati - Glorietta',' Bldg., Glorietta 1 Ayala Center Makati City','813-2267 ; 813-2254 ; 813-2224',NULL,NULL),(7,'1','4',' Kalookan - 9th Avenue','Aurelio Bldg., Rizal Ave., Kalookan City 1400','361-1206 ; 367-9670',NULL,NULL),(8,'1','5',' Araneta - General Romulo','Aurora Blvd. Cor. Gen. Romulo Cubao Quezon City 1109','453-4735 ; 453-4749',NULL,NULL),(9,'1','6',' Quiapo - Plaza Miranda - 24 Hrs','Plaza Miranda infront of Quiapo Church, Quiapo Manila 1001','733-2112 ; 733-6630',NULL,NULL),(10,'1','7',' Sampaloc - Legarda','501 Legarda cor. Gastambide St., Sampaloc Manila','735-5116',NULL,NULL),(11,'1','8',' Paco - Paz - 24 Hrs','Herran cor. Paz St., Paco Manila','563-4723 ; 563-4702 ; 561-3961',NULL,NULL),(12,'1','10',' Mandaluyong - Kalentong General - 24','166-172 Gen. Kalentong St., Mandaluyong City','531-9721 ; 532-3767',NULL,NULL),(13,'1','12',' Cubao - Pinatubo - 24 Hrs','Aurora Blvd. cor. Pinatubo, Cubao Quezon City 1111','726-3650 ; 726-1746',NULL,NULL),(14,'1','13',' Baclaran - Quirino - 24 Hrs','Quirino Ave., Baclaran Parañaque M. M. 1700','831-0897 ; 832-3557',NULL,NULL),(15,'1','14',' Makati - J. P. Rizal','J. P. Rizal St., Makati City 1200','895-1443 ; 899-2694',NULL,NULL),(16,'1','18',' Sampaloc - Trabajo','856 M. Dela Fuente St., Sampaloc Manila 1008','749-7871 ; 781-6933',NULL,NULL),(17,'1','19',' Blumentritt - Avenida - 24 Hrs','2413 Rizal Ave., Sta. Cruz Manila','252-5837',NULL,NULL),(18,'1','21',' Ermita - Padre Faura','Padre Faura St., Ermita Manila 1000','525-4054 ; 525-4069',NULL,NULL),(19,'1','22',' Binondo - Sto. Cristo','Sto. Cristo St., Binondo Manila 1006','242-2777 ; 244-5075',NULL,NULL),(20,'1','23',' Greenhills - Officenter','Greenhills Shopping Center Greenhills San Juan 1502','721-0523 ; 721-1888',NULL,NULL),(21,'1','24',' San Juan - N. Domingo - 24 Hrs','N. Domingo St., San Juan Metro Manila 1500','724-5946',NULL,NULL),(22,'1','25',' Masagana Citimall Pasay','2438 Taft Ave. cor. Libertad St., Pasay City','831-3516 ; 834-6570',NULL,NULL),(23,'1','26',' Edsa - Congressional - 24 Hrs','Congressional Ave. cor. EDSA Hiway 54. Q.C. 1105','920-4862 ; 920-4863',NULL,NULL),(24,'1','27',' Pasig Mega Market (Mutya)','New Pasig Public Market Pasig City 1600','641-1142',NULL,NULL),(25,'1','28',' Cubao - Quirino','967 Aurora Blvd. Project 2, Quezon City 1102','913-6207 ; 435-1895',NULL,NULL),(26,'1','31',' Makati - Guadalupe - 24 Hrs','8124 Sgt. F. Yabut Circle cor. P. Burgos St., Makati City 1200','882-1429 ; 882-1408',NULL,NULL),(27,'1','32',' Baclaran - Airport','Quirino Ave., cor. Airport Rd., Parañaque M. M. 1700','831-1728',NULL,NULL),(28,'1','33',' Sampaloc - España - 24 Hrs','cor. España & Metrica Sts., Sampaloc Manila 1008','740-7594 to 95; 781-2235',NULL,NULL),(29,'1','34','Marikina - Concepcion - 24 Hrs','Bayan-Bayanan Bo. Concepcion Marikina 1800','942-0487 ; 941-5302',NULL,NULL),(30,'1','35',' Pasig - Mabini','A. Mabini St., Pasig City 1600','641-0409',NULL,NULL),(31,'1','36',' Malabon Plaza - 24 Hrs','F. Sevilla Blvd., Malabon Metro Manila 1404','281-1119 ; 282-6305',NULL,NULL),(32,'1','37',' Sampaloc - Earnshaw','513 Earnshaw Sampaloc Mla.','734-6674',NULL,NULL),(33,'1','40',' Banaue - E. Rodriguez Sr.','E. Rodriguez Sr. cor. Banaue St., Quezon City 1113','711-0840 ; 781-0472',NULL,NULL),(34,'1','41',' Cavite City - P. Burgos','P. Burgos Ave., Cavite City 4100','(046)431-0407 ; (046)431-7814 to 7815',NULL,NULL),(35,'1','43',' Malolos - Plaza','Malolos Town Proper Malolos Bulacan 3000','(044)760-4663; 662-1109',NULL,NULL),(36,'1','44','Muntinlupa - Alabang - 24 Hrs','Montillano St., Muntinlupa Alabang 1702','842-2393',NULL,NULL),(37,'1','45',' Calamba - Crossing - 24 Hrs','Crossing Calamba Laguna 4027','(049)545-1919; (049)545-3499',NULL,NULL),(38,'1','46',' Pasig - Rosario','Ortigas Ave., Rosario Pasig City 1600','641-2735; 641-2734',NULL,NULL),(39,'1','47',' Kawit - Binakayan','Binakayan Kawit Cavite 4104','(046)434-3551; (046)434-9589',NULL,NULL),(40,'1','48',' Pasay - Malibay - 24 Hrs','106 Cor. P. Santos and EDSA Malibay Pasay City','851-0814; 854-3082',NULL,NULL),(41,'1','49',' Sta. Cruz - Central Market','Zurbaran cor. F. Huertas Sta. Cruz Manila 1003','735-0687; 735-0489',NULL,NULL),(42,'1','51',' Sta. Mesa - Old Sta. Mesa','BPI Bldg., Old Sta, Mesa St., Sta. Mesa Manila 1016','714-4372; 714-4231; 714-4413',NULL,NULL),(43,'1','52',' Marikina - Dela Paz','W. Dela Paz St., Marikina 1800','646-2033; 681-2955',NULL,NULL),(44,'1','53',' Murphy - 15th Avenue','15th Ave. cor. Liberty St., Murphy, Quezon City 1109','911-9828; 913-3497',NULL,NULL),(45,'1','54',' Del Monte - Frisco Ave.','Frisco Ave., Del Monte Quezon City 1105','372-5770; 373-6606',NULL,NULL),(46,'1','55',' Edsa - Nepa Q-mart - 24 Hrs','Cor. EDSA & 10th Ave., Cubao Quezon City 1102','921-8470; 922-6114',NULL,NULL),(47,'1','57',' Paco - Pedro Gil','1105 Pedro Gil St., Paco Manila 1007','523-2212; 523-2229',NULL,NULL),(48,'1','58',' Greenhills - Shoppesville','Shoppesville Shopping Center Greenhills San Juan 1502','721-2018; 721-1202',NULL,NULL),(49,'1','59',' Quiapo R. Hidalgo','R. Hidalgo St., Quiapo Manila 1001','734-9314; 734-9325',NULL,NULL),(50,'1','60',' Kalookan - Monumento - 24 Hrs','Bonifacio Monumento Circle cor. Samson Rd., Kalookan City 1400','363-4178 ; 363-2921',NULL,NULL),(51,'1','61',' Antipolo Poblacion - 24 Hrs','ML Quezon St., cor. Sumulong San Roque Antipolo City','697-0111 ; 697-0223',NULL,NULL),(52,'1','62',' San Pedro - Mabini','Mabini St., San Pedro Laguna 4023','869-0234 ; 868-7768',NULL,NULL),(53,'1','64',' Novaliches Plaza - 24 Hrs','Plaza Novaliches,Quirino Ave., Novaliches Quezon City 1117','936-2693 ; 936-6113',NULL,NULL),(54,'1','65',' Retiro - Mayon - 24 Hrs','Mayon St. cor, Retiro St., Quezon City 1114','740-1001 ; 740-0033',NULL,NULL),(55,'1','66',' Kalookan - 11th Avenue','Rizal Ave. Ext. Kalookan City 1400','366-1774 ; 363-3106',NULL,NULL),(56,'1','67',' Meycauayan Plaza','Poblacion, Meycauayan Bulacan Bulacan 3020','(044)840-8671 ; (044)228-2753',NULL,NULL),(57,'1','68',' Sta. Ana - Pedro Gil','2446 Pedro Gil St., Sta. Ana Metro Manila','563-7273 ; 564-4493',NULL,NULL),(58,'1','69',' Muntinlupa Poblacion','J. P. Rizal St., Muntinlupa City 1702','862-2073 ; 861-6545',NULL,NULL),(59,'1','70',' Araneta - Alimall','Phase I, Ali Mall Socorro Cubao Quezon City 1109','911-1397 ; 912-6617 ; 912-6618',NULL,NULL),(60,'1','71',' Quezon Avenue - Scout Borromeo - 24 H','Scout Borromeo cor. Quezon Blvd., Quezon City 1103','372-3298 ; 372-3301',NULL,NULL),(61,'1','73',' Las Piñas - Zapote Road - 24 Hrs','Old Alabang Hiway Las Piñas M. M. 1701','873-8608 ; 873-6253',NULL,NULL),(62,'1','74',' Blumentritt - Oroquieta','Blumentritt cor. Oroquieta St., Sta. Cruz 1003','711-2817 ; 743-6018',NULL,NULL),(63,'1','75',' Los Baños College - 24 Hrs','Brgy. Batong Malake Natl. Road cor. College Rd. Los Baños 4030','(049)536-0152 ; (049)536-1035',NULL,NULL),(64,'1','76',' Biñan - Paterno','P. Paterno St., Biñan Laguna 4024','(049)511-6183 ; 411-3451 ; ML - 5208268',NULL,NULL),(65,'1','77',' Parañaque - La Huerta','#1054 Mexico St., La Huerta Paranaque City','826-2293 ; 825-3087',NULL,NULL),(66,'1','78',' Edsa - West Avenue','Cor. EDSA & West Ave. Quezon City 1105','926-4128 ; 412-9428',NULL,NULL),(67,'1','79',' Sta. Mesa R. Magsaysay','R. Magsaysay Blvd., cor. M. Francisco St. 1008','715-0193 to 94; 714-0587',NULL,NULL),(68,'1','80',' Sta. Cruz - P. Burgos','P. Burgos St., Sta. Cruz Laguna 4009','(049)808-2929 ; (049)808-2415',NULL,NULL),(69,'1','81',' Valenzuela - Karuhatan','51 McArthur Hiway, Marulas Valenzuela, MM 1441','292-1628',NULL,NULL),(70,'1','82',' Tondo - Nolasco','1127 Juan Nolasco St., Tondo Manila 1012','245-4546',NULL,NULL),(71,'1','83',' Pasay - Burgos - 24 Hrs','P. Burgos St., Pasay City 1300','833-2379',NULL,NULL),(72,'1','84',' Plaridel - Cagayan Valley','Cagayan Valley Rd., Plaridel Bulacan 3004','(044)795-0056 ; (044)443-2817',NULL,NULL),(73,'1','86',' Sucat - Lopez','Dr. A. Santos Ave., Parañaque M. M. 1700','826-2998 : 826-6189',NULL,NULL),(74,'1','88',' Siniloan - Redor','Redor St., Siniloan Market Siniloan Laguna 4019','(049)813-0743',NULL,NULL),(75,'1','89',' Manila Binondo Escolta','205 Calvo Bldg., Escolta Manila 1003','241-4561 ; 244-4239',NULL,NULL),(76,'1','90',' Broadway Centrum Aurora Blvd.','Westgate Arcade Broadway Centrum Aurora Blvd. Dist IV Q.C.','722-2996 ; 723-1722',NULL,NULL),(77,'1','92',' Valenzuela - Malanday','McArthur Highway, Malanday, Polo, Bulacan 1444','443-2817',NULL,NULL),(78,'1','93',' Mandaluyong Edsa Libertad - 24 Hrs','EDSA cor. Libertad St., Mandaluyong City 1501','531-0878 ; 531-0877',NULL,NULL),(79,'1','94',' Tanay - Plaza Rizal','Plaza Rizal Tanay 1909','654-1090 ; 654-2202',NULL,NULL),(80,'1','95',' Kalookan - Maypajo','J. P. Rizal St. cor. Jala-Jala, Maypajo Kalookan City 1400','287-1926',NULL,NULL),(81,'1','96',' Valenzuela - Malinta','McArthur Highway cor. Mysan St., Malinta, Val.','292-0570; 291-2771',NULL,NULL),(82,'1','97',' Naic - Capt. Nazareno','4 Capt. Nazareno St., NAIC Cavite 4110','(046)412-0493; (046)412-1303',NULL,NULL),(83,'1','99',' Mandaluyong - Kalentong Pershing','238-240 Gen. Kalentong St., Mandaluyong City','531-6739',NULL,NULL),(84,'1','101',' Sta. Maria - Poblacion','Poblacion, Sta. Maria Bulacan 3022','(044)641-1819; 641-1962',NULL,NULL),(85,'1','102',' Calamba - Pabalan','Pabalan St., Calamba Laguna 4027','(049)545-1515; (049)545-6299',NULL,NULL),(86,'1','103',' Isetann Cinerama Recto','Isetann Cinerama Recto cor. Quezon Blvd. 1003','734-7964 to 65',NULL,NULL),(87,'1','104',' Balagtas - Mcarthur Highway','McArthur Highway, Balagtas, Bulacan 3016','(044)693-2646; (044)693-2251',NULL,NULL),(88,'1','105',' Novaliches Susano','Susano St., Novaliches Quezon City 1117','935-5442; 935-5443',NULL,NULL),(89,'1','106',' Taytay - Poblacion','181 J.P. Rizal St., Taytay Rizal 1901','658-7515',NULL,NULL),(90,'1','108',' Harrison Plaza - Malate','Harrison Plaza Comm\'l. Complex Ermita 1004','524-5976 to 77',NULL,NULL),(91,'1','109',' Makati - Gil Puyat Urban','Gil Puyat cor. Tindalo St., Makati City 1200','',NULL,NULL),(92,'1','115',' Kalookan - Plaza - 24 Hrs','A. Mabini St., cor. P. Burgos St., Kalookan City','288-4692 ; 285-0334',NULL,NULL),(93,'1','116',' Novaliches Quirino Highway','Quirino Highway Novaliches Quezon City 1117','937-5636 ; 936-8781',NULL,NULL),(94,'1','117',' Makati City Ayala Center Landmark','G/F Landmark Dept., Store Ayala Center Makati City','819-5320 ; 892-5881',NULL,NULL),(95,'1','118',' Morong - T. Claudio','Tomas Claudio St., Morong Rizal 1905','653-1107',NULL,NULL),(96,'1','119',' Manuela Edsa Mandaluyong','Manuela III Complex EDSA Cor. Shaw Blvd.','727-4603',NULL,NULL),(97,'1','120',' Araneta - Farmer\'s Plaza','New Farmers Plaza Comm\'l. Complex Cubao Q.C. 1109','911-1568 ; 913-2875',NULL,NULL),(98,'1','121',' Fairview - Commonwealth','Fairview Ave., Fairview Quezon City 1118','938-2132 ; 938-9647',NULL,NULL),(99,'1','122',' Quezon Avenue - Roosevelt','967 Quezon Ave. cor, Roosevelt, Quezon City','372-4744 ; 412-3728',NULL,NULL),(100,'1','125',' Pasay - Rotonda','2823-2825 Taft Ave., Pasay City 1300','831-3552',NULL,NULL),(101,'1','127',' Novaliches - Lagro - 24 Hrs','Quirino Highway cor. Lagro Novaliches Quezon City 1118','930-1555 ; 418-9862',NULL,NULL),(102,'1','129',' Parañaque - Betterliving','57 Doña Soledad St., Betterliving Subd. Parañaque M. M.','823-5514 ; 821-9333',NULL,NULL),(103,'1','130',' Pateros Almeda','Almeda cor. Morcilla St., Pateros M. M. 1603','642-2229 ; 641-4494',NULL,NULL),(104,'1','131',' Las Piñas - Philam Life','Philam Life Ave., Philam Life Subd. Las Piñas 1701','873-3715 ; 872-2160',NULL,NULL),(105,'1','132',' Bacoor - Zapote I - 24 Hrs','Brgy. Talaba Bacoor Cavite 4102','(046)417-3046',NULL,NULL),(106,'1','133',' Imus - Nuevo Avenue - 24 Hrs','Nuevo Ave., Imus Cavite 4103','(046)471-3683 ; (046)571-0527',NULL,NULL),(107,'1','134',' Marikina - J. P. Rizal','J. P. Rizal St., Marikina 1800','942-5287',NULL,NULL),(108,'1','135',' Tandang Sora - Visayas','Tandang Sora Ave. cir. Golden St., near Visayas Ave. 1107','926-0920 ; 926-0908',NULL,NULL),(109,'1','136',' Makati - Gil Puyat Dian','Gil Puyat cor. Dian St., Makati City 1200','843-4314 ; 844-9931',NULL,NULL),(110,'1','137',' Robinson\'s - Galleria Ortigas','Robinson\'s Galleria EDSA cor. Ortigas Ave., Q.C.','632-9566 ; 633-8222',NULL,NULL),(111,'1','138',' Alabang Town Center Zapote Road','Shop 107, Twin Cinema Arcade Ayala Alabang Muntinlupa City','850-8879 ; 850-5485',NULL,NULL),(112,'1','139',' Silang - Poblacion','Plaza cor. J. P. Rizal St., Poblacion, Silang Cavite 4118','(046)414-0705',NULL,NULL),(113,'1','140',' Pasig - San Joaquin - 24 Hrs','Cor. M. Concepcion & Almeda Bo. San Joaquin Pasig City','640-0505 ; 643-3481',NULL,NULL),(114,'1','142',' Sampaloc - Laong Laan - 24 Hrs','Arsenio Lacson cor. Laon Laan Sampaloc Manila','731-1440',NULL,NULL),(115,'1','143',' Sta. Rosa Poblacion','Poblacion Sta, Rosa Laguna 4026','(049)534-2068 ; (02)520-8488',NULL,NULL),(116,'1','144',' Cainta - A. Bonifacio','A. Bonifacio St., Cainta Rizal 1900','655-0832 ; 655-9590',NULL,NULL),(117,'1','146',' Gagalangin - Juan Luna - 24 Hrs','2668 Juan Luna St., Gagalangin Tondo Manila 1012','251-5650',NULL,NULL),(118,'1','147',' Shangri-la Plaza Mandaluyong','EDSA Plaza Bldg., St. Francis St., Mandaluyong City','633-9632 ; 633-9633',NULL,NULL),(119,'1','148',' Meycauayan Highway - 24 Hrs','McArthur Hiway Meycauayan Bulacan 3020','(044)840-6172 ; (044)228-2760',NULL,NULL),(120,'1','149',' Citimall - Diliman - 24 Hrs','Ultimate Plaza 1, Commonwealth Ave., Quezon City','924-8638 ; 924-9788',NULL,NULL),(121,'1','150',' Malabon - Hulo','Hulong Duhat, Bo. Flores  Malabon M. M. 1470','281-8901 ; 282-6274',NULL,NULL),(122,'1','151',' Ever Gotesco Commonwealth','1 Commonwealth Ave., cor. Don Mariano Marcos 1121','951-0080 ; 931-6932',NULL,NULL),(123,'1','152',' Kalookan - Samson','Unit 6&7 Saphire Bldg., 1282 Samson Rd. Brgy 72 Zone 7 Dist II , Cal. City','364-2393',NULL,NULL),(124,'1','153',' Navotas - Poblacion','Poblacion, Navotas 1485','281-9738 ; 281-9715',NULL,NULL),(125,'1','154',' Makati - Cash & Carry Mall','G08-G09 G/L Cash&Carry Mall Pres. S. Osmeña Hiway, Makati City','843-0098 ; 843-7927 ; 887-7704',NULL,NULL),(126,'1','155',' Valenzuela - Polo','Polo, Plaza, Valenzuela M. M. 1469','443-0237 ; 294-0864',NULL,NULL),(127,'1','156',' Olives Plaza Parañaque','Olives Plaza Comm\'l. Center NAIA Rd., Sucat Parañaque M. M.','826-4816 ; 829-3132',NULL,NULL),(128,'1','157',' V. Luna - East Avenue','V. Luna cor. East Ave., Pinahan Quezon City','920-9844 ; 920-9862',NULL,NULL),(129,'1','158',' Commonwealth - Tandang Sora - 24 Hrs','316 Commonwealth Ave., Tandang Sora Q. C.','932-9937 to 39',NULL,NULL),(130,'1','159',' Valenzuela - Paso De Blas','Paso De Blas cor. De Sotto St., Valenzuela 1469','292-7718 ; 291-2921',NULL,NULL),(131,'1','160',' Novaliches - Sta. Quiteria - 24 Hrs','Quirino Highway cor. Sta. Quiteria Nova. 1402','456-0088 ; 456-6312',NULL,NULL),(132,'1','161',' Jaka Plaza Parañaque - 24 Hrs','Jaka Comm\'l. Center Sucat Rd.  Cor. Don Antonio Ave.,  Brgy. San Antonio PC','829-9313 ; 829-2707',NULL,NULL),(133,'1','162',' ATC Makati Supermarket','Makati Supermarket ATC Commerce Ave. cor Theater Drive Munt. City','842-3203 ; 842-3182',NULL,NULL),(134,'1','163',' Hagonoy - Poblacion','Sto.Niño, Hagonoy,Bulacan 3002','(044)793-0790 ; (044)793-1937',NULL,NULL),(135,'1','164',' Nagcarlan - Fernandez','Fernandez St., Nagcarlan Laguna 4002','(049)563-2810',NULL,NULL),(136,'1','165',' Cainta - Ortigas Ave. Ext. - 24 Hrs','Ortigas Ave. Extn. Cainta Junction Cainta 1900','240-1876 ; 240-1873',NULL,NULL),(137,'1','166',' Tagaytay - Aguinaldo Highway','Aguinaldo Hiway Mendez Junction, Tagaytay 4120','(046)413-2096 ; (046)413-2097',NULL,NULL),(138,'1','167',' Balintawak - A. Bonifacio','A. Bonifacio cor. 11th Ave., Unang Sigaw I Q.C.','366-8549 ; 410-6313',NULL,NULL),(139,'1','168',' San Miguel - Poblacion','San Jose, San Miguel Bulacan 3011','(044)764-0786 ; (044)764-0796',NULL,NULL),(140,'1','170',' Malolos - Highway - 24 Hrs','McArthur Hiway, Malolos Bulacan','(044)791-6258 ; 791-6259',NULL,NULL),(141,'1','172',' Makati - Forbes San Antonio','San Antonio Plaza Arcade Forbes Park, Makati City 1200','867-3186 ; 867-3481 to 82',NULL,NULL),(142,'1','173',' Sta. Lucia East Mall Cainta','Sta. Lucia East Grand Mall Complex Cainta Rizal 1900','681-5145 ; 681-5146',NULL,NULL),(143,'1','175',' Makati - Comembo - 24 Hrs','Cor. J.P. Rizal Ext., & Sampaguita Sts., Comembo Makati 1217','728-7612 ; 728-7610',NULL,NULL),(144,'1','176',' Novaliches - Quirino Balintawak','78 Quirino Highway Balintawak Q.C. 1106','453-4735 ; 453-4749',NULL,NULL),(145,'1','177',' Olivarez Plaza Biñan','Olivarez Plaza & Tri-Cinema Nat\'l. Hiway, Biñan Laguna','(049) 511-9529 ; ML - 520-8253',NULL,NULL),(146,'1','178',' Malate - San Andres - 24 Hrs','660 San Andres St., Malate Manila 1004','523-1703 ; 523-1696 ; 523-1697',NULL,NULL),(147,'1','179',' Novaliches - Baesa','160 Quirino Highway cor. Mendez St., Baesa 1106','455-0675 ; 455-0676',NULL,NULL),(148,'1','180',' Meycauayan - Malhacan','Malhacan Meycauayan Bulacan 3020','(044)228-3254 ; (044)935-1702',NULL,NULL),(149,'1','181',' Waltermart Sta. Rosa','Lower G/F., Waltermart Comm\'l. Com. Balibago Laguna 4026','(049)247-5354 to 56; ML - 520-8470',NULL,NULL),(150,'1','182',' Binondo - Ongpin','714 Ongpin St., Binondo Manila 1003','242-7808 ; 242-7918 ; 242-7384',NULL,NULL),(151,'1','183',' Dasmariñas - Aguinaldo Highway','Fourstep Cinema Bldg., E. Aguinaldo Hiway 4114','(046) 416-2932',NULL,NULL),(152,'1','184',' Taguig General Luna','28 Gen. Luna St., Tuktukan Taguig Metro Manila','642-1070; 642-1027',NULL,NULL),(153,'1','185',' Sta. Mesa - Teresa - 24 Hrs','Old Sta. Mesa cor. Teresa St., Sta. Mesa 1016','713-2857; 715-0195',NULL,NULL),(154,'1','186',' Liana\'s Alabang','Liana\'s Central Mall Stall 102, 103, 104 Montillano St., Alabang','850-1270; 850-1281',NULL,NULL),(155,'1','187',' Marikina City C & B Circle Mall','C&B Circle Mall Liwasang Kalayaan Rd., Bayan-Bayanan Marikina Height','940-1810; 941-4976',NULL,NULL),(156,'1','188',' Rodriguez - J. P. Rizal (montalban) -','J. P. Rizal St., Rodriguez (Montalban) Rizal','649-3597; 948-3477',NULL,NULL),(157,'1','189',' QC Metrolane Complex Cubao','Metrolane Complex P. Tuazon cor. 20th Ave., Tagumpay Cub. QC','913-1513; 912-3504',NULL,NULL),(158,'1','190',' Rosario Poblacion - 24 Hrs','Poblacion, Rosario Cavite 4106','(046)438-1868; (046)438-1912',NULL,NULL),(159,'1','191',' Sta. Rosa - Balibago','Balibago Comm\'l. Complex, Balibago Laguna 4026','(049)247-0605 to 06; ML - 520-8418',NULL,NULL),(160,'1','192',' Pasig Armal','Urbano Velasco St., Brgy. Malinao, Pasig City','941-5802',NULL,NULL),(161,'1','193',' Makati - Evangelista - 24 Hrs','1650 Evangelista cor. BelarminoBangkal Makati City 1233','889-0236; 889-0237',NULL,NULL),(162,'1','194',' Robinson\'s Place Ermita','Robinson\'s Place Ermita Comm\'l. Complex 1000','523-1384; 523-1398',NULL,NULL),(163,'1','196',' San Mateo - General Luna - 24 Hrs','Gen. Luna St. cor. G. Reyes St., Ampid San Mateo Rizal 1850','649-1098 to 99; 997-1572',NULL,NULL),(164,'1','197',' Valenzuela - Marulas','Pio Valenzuela St., Marulas Valenzuela M.M. 1441','293-4332; 293-2324',NULL,NULL),(165,'1','198',' Sampaloc - Vicente Cruz','Vicente Cruz cor. Sobriedad St., Sampaloc Manila 1008','781-7678 / 781-7698',NULL,NULL),(166,'1','199',' Muntinlupa - Bayanan','230 National Hiway, 1799 Munt.Bayanan 1772','861-4125 to 26',NULL,NULL),(167,'1','200',' Tanza Poblacion','Poblacion Tanza Cavite 4108','(046)437-0574 to 75',NULL,NULL),(168,'1','201',' Rosario Arcade Pasig','New Rosario Ort Comml. Arcade 42 Ortigas Ave., Rosario Pasig City','916-7549 ; 642-2776 ; 642-2777',NULL,NULL),(169,'1','202',' Pasay - Gil Puyat F.b. Harrison','5 Gil Puyat Ext. & F. B. Harrison Pasay City 1307','551-3678 ; 551-3679',NULL,NULL),(170,'1','203',' Lianas Calamba','Lianas Discount City Parian, Calamba Laguna 4027','(049)545-7662 to 63',NULL,NULL),(171,'1','204',' Waltermart Calamba','Waltermart Calamba Laguna 4027','(049)545-7674 to 75',NULL,NULL),(172,'1','205',' General Trias Bagumbayan','Governor\'s Drive Bagumbayan Gen. Trias 4107','(046)402-0142 ; (046)402-0343',NULL,NULL),(173,'1','206',' Prestines Commercial Bulacan','Prestines Comm\'l. Complex,Bagumbayan Bulacan 3017','(044)668-1453 ; (044)792-1975',NULL,NULL),(174,'1','207',' Sucat - Canaynay - 24 Hrs','Canaynay Ave., Sucat Parañaque M. M. 1700','820-6567 to 68',NULL,NULL),(175,'1','208',' Ermita - T. M. Kalaw','444 T. M. Kalaw St., Ermita Manila 1000','525-1434 ; 524-9620',NULL,NULL),(176,'1','209',' Paseo De Sta. Rosa - Sta. Rosa','G/F Paseo De Sta. Rosa Santa Rosa Laguna','(049)541-2302 to 03; 5208571',NULL,NULL),(177,'1','210',' Kamuning - Shianghio - 24 Hrs','Kamuning Rd. cor. Sianghio St., Quezon City 1103','927-0891',NULL,NULL),(178,'1','211',' Novaliches - Talipapa','Quirino Highway cor. Sagitarrius Talipapa 1116','937-6764 ; 937-6789',NULL,NULL),(179,'1','212',' Sta. Cruz - Plaza','G/F Manufacturer\'s Bldg., Plaza Sta. Cruz 1003','733-4351 ; 733-4327',NULL,NULL),(180,'1','213',' Bacoor - Aniban','Aniban II, Bacoor Cavite','(046)417-7140 to 42',NULL,NULL),(181,'1','214',' Olivarez Plaza - Los Baños','Olivarez Plaza Tri-Cinema Brgy. Batong Malake Laguna 4030','(049)536-6288 ; (049)536-6251',NULL,NULL),(182,'1','216',' Robinson\'s Place Imus','Bo. Tansang Luma,E. Aguinaldo Hiway, Imus Cavite','(046)472-2354; (046)472-2357',NULL,NULL),(183,'1','217',' GMA - San Gabriel','San Gabriel Governor\'s Drive Gen. Mariano Alvarez','(046)890-2233; (046)890-2100',NULL,NULL),(184,'1','218',' Makati - A. P. Reyes','Huseng Batute cor. A. P. Reyes Makati City 1204','896-4804; 896-4812',NULL,NULL),(185,'1','219',' Kalookan - Bagong Silang','Phase 2 Package 1, Blk2 Lot 3 Bagong Silang 1428','951-5729; 962-3712',NULL,NULL),(186,'1','220',' Malate - San Andres Bukid','1175 San Andres Bukid Malate Manila 1017','523-5037; 523-5047',NULL,NULL),(187,'1','221',' Makati - Zobel Roxas','A.S. Bldg., Zobel Roxas cor. Enrique St., Makati City 1235','551-8664; 551-8665',NULL,NULL),(188,'1','222',' Atc - Madrigal','ATC Expansion, Madrigal Ave. Alabang 1799','842-7838 to 40',NULL,NULL),(189,'1','223',' Pasay - Taft Gil Puyat','2030-2032 Taft Ave., Pasay City 1300','523-1526; 522-2848',NULL,NULL),(190,'1','225',' Parañaque - Bf Homes','17 Aguirre Ave., BF Homes Parañaque City 1700','842-5311',NULL,NULL),(191,'1','226',' Biñan - Mabini - 24 Hrs','Mabini St., Biñan Laguna 4024','(049)511- 6364; ML - 429-4898',NULL,NULL),(192,'1','227',' Tutuban Center Tondo','Ground & Podium Floors Tutuban Center 1013','252-9160; 251-1132',NULL,NULL),(193,'1','228',' Guadalupe Arcadia Makati','Guadalupe Arcadia Bldg., J. P. Rizal Ext., Cembo','881-7955; 881-7956',NULL,NULL),(194,'1','229',' Mayon - N. Roxas - 24 Hrs','Cor. Mayon & Nicanor Roxas Quezon City 1114','712-9206; 712-9211',NULL,NULL),(195,'1','231',' Malabon Tugatog','1 Gov. Pascual cor. M.H. del Pilar Tugatog Malabon','287-6898; 287-7511',NULL,NULL),(196,'1','232',' Binangonan - J.p. Rizal','J. P. Rizal cor. M.H. Del Pilar Brgy. Poblacion Binangonan 1940','652-4873 to 74',NULL,NULL),(197,'1','233',' Pavillion Mall - Biñan','Km. 32, Pavillion Mall Biñan Laguna 4024','(049)411-5819; ML - 520-8227',NULL,NULL),(198,'1','234',' Bocaue Bulacan','357 McArthur Highway, Biñan 2nd Bocaue Bulacan 3018','692-3532; 692-3533',NULL,NULL),(199,'1','235',' Novaliches - Sauyo','590 Quirino Highway cor. Sauyo Rd., Nova. 1116','935-5439; 935-5450',NULL,NULL),(200,'1','236',' Navotas Agora','Brgy. Northbay Blvd. Near Agora Navotas Metro Manila','281-3936; 281-3968',NULL,NULL),(201,'1','237',' Q. Plaza Congressional (mindanao Ave.','Q. Plaza Complex, Mindanao Ave., cor. Congressional Q.C. 1106','920-7675; 920-7721',NULL,NULL),(202,'1','238',' Makati - Vito Cruz','G/F Tower A. Kingswood Arcade Vito Cruz','896-0514; 896-0636; 896-0493',NULL,NULL),(203,'1','239',' Binangonan - Pagasa','Hangganan, Brgy. Pagasa Binangonan Rizal 1940','651-0477; 651-2286',NULL,NULL),(204,'1','240',' Kalookan C3 Road','A. Mabini St. cor. C-3 Road Kalookan City','285-9462; 285-9463',NULL,NULL),(205,'1','241',' Bacoor - Molino','Lot 192, Block 6, Nat\'l. Road cor. Horseshoe Drive','(046)477-3138; (046)477-3139',NULL,NULL),(206,'1','242',' Cabuyao - J. P. Rizal','J. P. Rizal St., Poblacion Cabuyao Laguna 4025','(049)832-1642; ML - 520-8927',NULL,NULL),(207,'1','244',' Rockwell Center Makati','Rockwell Center, 25 Lopez Drive Makati City 1211','898-0184',NULL,NULL),(208,'1','245',' Taytay Manila East Road','Manila East Road Bo. San Juan Taytay 1920','660-8167; 660-8151 to 52',NULL,NULL),(209,'1','246',' Katipunan Loyola Heights','341 Katipunan Ave., Loyola Heights QC 1108','426-0043; 426-0314',NULL,NULL),(210,'1','247',' Parañaque Multinational','JJM Bldg.II, along Ninoy Aquino Ave., Multinat\'l.','851-3135; 851-3137',NULL,NULL),(211,'1','248',' Las Piñas - Talon - 24 Hrs','404 Old Alabang Zapote Rd., Talon Uno Las Piñas','800-8821',NULL,NULL),(212,'1','249',' Tondo Jose Abad Santos','2565 Jose Abad Santos Ave., Tondo Manila 1552','251-4620 ; 251-5826',NULL,NULL),(213,'1','250',' Shangri-la Plaza Mrt Mandaluyong','Unit ML 01, Metrolink Level 5 EDSA Plaza','687-3878 ; 687-3879',NULL,NULL),(214,'1','251',' Pasig Amang Rodriguez','A. Rodriguez Ave., cor. Dumandan St., Pasig 1610','682-8277',NULL,NULL),(215,'1','252',' Antipolo - Sumulong','Lorenzo S. Sumulong Mem. Circle Brgy. San Roque Antipolo City','696-3847 to 49',NULL,NULL),(216,'1','253',' Tondo - Juan Luna','1738 A&B, Juan Luna St., Tondo Mania 1013','253-3691',NULL,NULL),(217,'1','254',' Metro Point EDSA - Taft','101 Metro Point, Edsa Cor. Taft Ave., Pasay 1303','833-8057',NULL,NULL),(218,'1','256',' Makati - Greenbelt I','G/F Greenbelt I, Legaspi Village Makati City 1228','810-9752',NULL,NULL),(219,'1','257',' San Pedro - Nueva','Old Nat\'l.Hiway, Nueva San Pedro Laguna 4023','847-7660 to 61',NULL,NULL),(220,'1','258',' Sta. Cruz P. Guevarra','P. Guevarra St. infront of Capitol, Sta. Cruz 4009','(049)808-5533',NULL,NULL),(221,'1','259',' Makati - Jupiter','100 Jupiter cor. Makati Ave Bel-Air Village','897-3384',NULL,NULL),(222,'1','260',' Sapang Palay Sampol','B-46 2 San Martin Sampol, Sapang Palay San Jose Del Monte','(044)698-1040',NULL,NULL),(223,'1','261',' Greenhills - Madison','Ashcreek Center cor. Madison St., Ortigas Center Greenhills','722-7748 ; 724-7482',NULL,NULL),(224,'1','262',' Sta. Ana - Augusto Francisco','1909 Augusto Francisco St., Sta. Ana, Manila','583-1011 ; 562-0725',NULL,NULL),(225,'1','263',' Cavite Trece Martires','Brgy. Agustin, Trece Martires City, Cavite','(046)419-0393',NULL,NULL),(226,'1','264',' Ayala Mrt Makati','C-Level Ayala MRT Station cor. Ayala & EDSA Ave','752-8437',NULL,NULL),(227,'1','265',' Ermita - Taft Pgh','1332 Tat Aveñue (fronting PGH) Ermita, Manila','523-2699; 536-0345',NULL,NULL),(228,'1','267',' Acropolis E. Rodriguez Jr.','Corby I 68 E. Rodriguez Jr. Ave., Bagumbayan QC','395-5223',NULL,NULL),(229,'1','268',' Tondo Yuseco','1053 Yuseco St., Tondo Manila 1110','257-0634 to 35',NULL,NULL),(230,'1','269',' Mandaluyong Boni Barangka','681 Boni Ave. cor. Barangka St., Mand. City 1550','531-3975',NULL,NULL),(231,'1','271',' Robinson\'s Place Novaliches','Robinson\'s Place Quirino Hiway Novaliches','936-5065; 936-5052',NULL,NULL),(232,'1','272',' Mandaluyong Boni Maysilo','81 Maysilo Circle cor. San Francisco St., Mandaluyong City','535-8019; 535-7998',NULL,NULL),(233,'1','273',' Robinson\'s Metroeast Mall','Robinson\'s Metro East Mall Marcos Hiway Dela Paz','647-3281',NULL,NULL),(234,'1','274',' Alaminos (laguna) Poblacion','M.H. Del Pilar St., Poblacion Alaminos Laguna','(049) 562-9787 to 88; 567-1563',NULL,NULL),(235,'1','275',' Makati Dela Rosa','Shop NO RT 1001 Dela Rosa Square 2116 C. Roces cor. Dela Rosa','892-6118',NULL,NULL),(236,'1','276',' Carmel Mart Canlubang','Carmel Mart, Jose Yulo Blvd., Canlubang Laguna','(049)549-7376',NULL,NULL),(237,'1','277',' Zabarte Town Center Kalookan','Zabarte Town Center 588 Camarin Rd., cor. Susano Rd., Cal.','962-3967; 962-3968',NULL,NULL),(238,'1','278',' Robinson\'s Place Dasmariñas','Aguinaldo Hiway Pala-Pala Dasmariñas Cavite','(046) 416-3606',NULL,NULL),(239,'1','279',' Artc - Farmer\'s Market Arcade','1 Farmers Market Arcade, Araneta Cntr Cubao QC','995-7163 to 65',NULL,NULL),(240,'1','280',' Muntinlupa City Putatan','34 National Highway, Brgy. Putatan, Muntinlupa City','862-1657',NULL,NULL),(241,'1','281',' Parañaque - Airport Global Plaza','Airport Global Plaza, 4655 Seaside Drive cor. Rxos','854-9343',NULL,NULL),(242,'1','282',' Quezon City - Apo Mayon','252 Mayon Ave. cor. Apo St., Quezon City','781-5304',NULL,NULL),(243,'1','283',' Mandaluyong Pinatubo','Pinatubo St., Cor. Sierra Madre, Mandaluyong City','532-0852 ; 532-0570',NULL,NULL),(244,'1','284',' Greenhills Wilson','Unit C-D HVK Bldg., #223 Wilson St., Greenhills San Juan','723-5129 ; 723-8639',NULL,NULL),(245,'1','285',' Antipolo Cogeo - Marcos Highway','Marcos Hiway Cogeo Gate II Antipolo City','645-6958',NULL,NULL),(246,'1','286',' Quezon Ave. - Scout Reyes','Quezon Ave. cor. Scout Reyes St., Paligsahan Quezon City','374-7898',NULL,NULL),(247,'1','287',' Novaliches - Gen. Luis','235 General Luis St., Novaliches Quezon City','739-5247 ; 938-0207 ; 938-0210',NULL,NULL),(248,'1','288',' QC Project 8 (shorthorn)','63 Shorthorn St. Cor. Road 20, Project 8 I Quezon City','920-0018 ; 920-0719',NULL,NULL),(249,'1','289',' Global City Taguig Market Market','Market Market Lot C Bonifacio Global City Taguig','886-6660 ; 886-6661',NULL,NULL),(250,'1','290',' Cubao - Gateway Mall','Espace No. 11 G/F Gateway Mall Araneta Cntr, QC','911-9467 ; 911-9640',NULL,NULL),(251,'1','291',' Robinson\'s Place Sta. Rosa','Rob. Place Sta. Rosa Level 1 Unit 1D 01010 Old Nat\'l. Hiway, Sta. Rosa','420-8093',NULL,NULL),(252,'1','292',' RONBINSONS PLACE PIONEER','Ground Level Forum 30 EDSA cor Pioneer St., Mandaluyong City','',NULL,NULL),(253,'1','293',' Parañaque Upper Bicutan','No. 1 Gen. A. Santos Ave., Bicutan Parañaque City','839-2611 to 13',NULL,NULL),(254,'1','294',' Waltermart Makati','Pasong Tamo cor. Pasay Road, Makati City','893-0671',NULL,NULL),(255,'1','295',' EDSA Pavillion','Units 110 & 111 EDSA Central Pavilion, Mandaluyong City','631-5306 ; 631-5446',NULL,NULL),(256,'1','296',' Betterliving Russia','Russia cor. Doña Soledad Ave., Better Living Subd. Prñq City','821-3883 ; 821-4327 ; 821-6020',NULL,NULL),(257,'1','297',' Sta. Mesa Mart','Sta. Mesa Mart R. Magsaysay Blvd., Sta. Mesa Manila','715-1194',NULL,NULL),(258,'1','298',' Pandacan Zamora','1907 Zamora St., Pandacan Manila','562-8964',NULL,NULL),(259,'1','299',' People Support Center - Amorsolo - 24','People Support Center, Sen. G. Puyat and Amorsolo Sts., MC','889-7820 to 21',NULL,NULL),(260,'1','300',' Waltermart Plaridel','Waltermart Community Center, Banga I Plaridel Bulacan','(044)795-3604',NULL,NULL),(261,'1','301',' Pasig (BPI) Kapitolyo','West Capitol Driver cor. Shaw Blvd., Kapitolyo Pasig City','631-8589',NULL,NULL),(262,'1','302',' Muntinlupa City Tunasan','National Road, Tunasan Muntinlupa City','862-3330',NULL,NULL),(263,'1','303',' San Pedro Pacita Complex','Old National Hiway, Pacita Complex San Pedro Laguna','869-4224 ; 869-4234',NULL,NULL),(264,'1','304',' Las Piñas Perpetual  - 24hrs','Alabang Zapote Road, Talon Dos Las Piñas City','874-9802',NULL,NULL),(265,'1','305',' Las Piñas Almanza - 24 Hrs','Alabang Zapote Rd. Almanza Uno Las Piñas City','802-2214',NULL,NULL),(266,'1','306',' Meycauayan Sto. Niño','El Camino Real St., Las Villas De Sto. Niño Brgy. Camalig Mey.','(044) 695-0810',NULL,NULL),(267,'1','308',' SAINT FRANCIS SQUARE','ST FRANCIS SQUARE MANDALUYONG CITY','',NULL,NULL),(268,'1','309',' Global City Taguig Market Market Mcki','Market Market PH1B-A1-01 Bonifacio Global City, Taguig City','844-9453',NULL,NULL),(269,'1','310',' Eastroad Arcade Taytay (tikling)','Eastroad Arcade Cabrera Cor. Manila Eastroad Taytay Rizal','658-9133 ; 658-9067 ; 658-9015',NULL,NULL),(270,'1','311',' Ayala West Grove Plaza Silang','Ayala West Grove, Ayala South Greenheights Subd., Silang Cvte','(046)511-0040 to 41',NULL,NULL),(271,'1','312',' South Supermarket Alabang','South Supermarket Filinvest Alabang Muntinlupa City','771-2250 to 52',NULL,NULL),(272,'1','313',' Shangri-la Plaza Annex Mandaluyong','Unit AX 107 & 108 Shangri-la Plaza Annex, Mand. City','638-6045 ; 638-6047',NULL,NULL),(273,'1','314',' Marikina Parang','Gen. B. Molina St., Parang Marikina City','650-4304 ; 638-2824 ; 650-3669',NULL,NULL),(274,'1','315',' Antipolo Cathedral','Oliveros Brgy. San Roque, Antipolo City','',NULL,NULL),(275,'1','316',' Citilife Square - Quezon Ave.','Citylife Square Araneta cor. Quezon Ave., Quezon City','749-1732 ; 749-1738',NULL,NULL),(276,'1','317',' Valenzuela - South Supermarket','South Supermarket 298 McArthur Hiway, Karuhatan Val. City','294-4463',NULL,NULL),(277,'1','318',' Alabang Rotonda','32 Rotonda Alabang, Muntinlupa City','807-9130',NULL,NULL),(278,'1','319',' Parañaque Bf Homes El Grande','Aguirre Ave. cor. El Grande Ave., BF Homes Parañaque','829-8452',NULL,NULL),(279,'1','320',' Edsa Balintawak - 24 Hrs','EDSA Balintawak Quezon City','362-4023 ; 362-4048',NULL,NULL),(280,'1','321',' Bacoor Bahayang Pagasa (molino)','Along Avenida Rizal Bahayang PAGASA Rd., Molino Bacoor Cav.','(046)477-1253 ; (046)477-1243',NULL,NULL),(281,'1','322',' Aseana','Aseana I, Parañaque City','',NULL,NULL),(282,'1','323',' QC Anonas K-10th','Anonas cor. K-10th, Quezon City','929-1796',NULL,NULL),(283,'1','326',' Parañaque Bf Homes President Avenue','Presidents Ave., BF Homes, Parañaque City','825-6859 ; 825-5663',NULL,NULL),(284,'1','327',' Cavite Tagaytay Plaza Carolina','Plaza Carolina Gen. Emilio Aguinaldo Hiway, Tagaytay City Cav.','(046) 413-4457',NULL,NULL),(285,'1','328',' Pagsanjan J. P. Rizal','J.P. Rizal cor. Crisostomo St., Brgy. Poblacion, Pagsanjan Laguna','(049) 501-5120',NULL,NULL),(286,'1','329',' Makati - Salcedo Village Leviste','G/F Island Plaza Bldg., L.P. Leviste St., Makati City','893-0366 ; 894-2791 ; 813-0757',NULL,NULL),(287,'1','330',' Makati - Dela Rosa Car Park Ii','Dela Rosa Car Park Bldg., Dela Rosa St., Makati City','893-3249 ; 813-1796',NULL,NULL),(288,'1','331',' Bulacan San Jose Del Monte City Tungk','Quirino Highway Tungkong Mangga City of San Jose Del Monte Bul.','(044)691-3320 ; 691-1848',NULL,NULL),(289,'1','332',' San Juan Greenhills Shopping Center A','Unit No. 9 Annapolis Carpark Greenhills Shopping Center','727-9122 ; 727-0891 ; 727-9300',NULL,NULL),(290,'1','333',' Makati Ayala Center Glorietta 4','G/F Glorietta 4 Ayala Center Makati City','818-6865 ; 818-6866 ; 818-6867',NULL,NULL),(291,'1','334',' Sta. Ana Puregold','R/S No. 24-37 Puregold Bldg., No. 3191 New Panaderos St.','535-2379 ; 533-1960',NULL,NULL),(292,'1','335',' Muntinlupa City Alabang 2301 Civic Pl','Unit 108/ 109 2301 Civic Place Bldg., Civic Drive Alabang Munt. City','659-0275',NULL,NULL),(293,'1','336',' Q.C. Culiat Tandang Sora','DC Center #21 Tandang Sora Ave., Brgy. Culiat Q.C.','923-4190',NULL,NULL),(294,'1','337',' Blumentritt Aurora  - 24 Hrs','2625 Aurora Avenue cor. Blumentritt Sta. Cruz Manila','740-9832',NULL,NULL),(295,'1','338','San Juan Greenhills Shopping Center Tiangge','Unit No. V8 102 Tiangge Center Greenhills Shopping Center','727-7556',NULL,NULL),(296,'1','339',' Kalookan City Monumento Gen. Simon','Dytronix Bldg., EDSA cor. Gen. Simon St., Brgy 81 Zone 8 Mon.','367-7816 ; 367-4906',NULL,NULL),(297,'1','340',' Parañaque Shopwise','Shopwise Supermarket DR. A. Santos Ave., (Sucal Rd) San Antonio Pque. City','825-8718 ; 825-8719',NULL,NULL),(298,'1','341','MERUCRY DRUG SHAW BLVD LAUREL','1555 Shaw Blvd corner Laurel Street Mandaluyong City','',NULL,NULL),(299,'1','342',' Pasig City Frontera Verde Fun Ranch','BB/1.1 & BB/1.2, Fun Ranch Frontera Verde E. Rod. Pasig City','396-5461 ; 706-2539 ; 706-2547',NULL,NULL),(300,'1','343',' Puregold E. Rodriguez Sr.','U-E,F,G (G/F) Puregold E. Rod. Sr. cor. G. Araneta Doña Imelda','743-6034 ; 749-2919',NULL,NULL),(301,'1','344',' Trinoma Mall Level G','Space G 018 Level G EDSA cor. North Ave., Bagong Pagasa Q.C.','916-6765 ; 916-6766',NULL,NULL),(302,'1','345',' Trinoma Mall Level M1','Space 1108 Level M1 EDSA cor. North Ave., Bagong Pagasa Q.C.','916-7006 ; 916-7005',NULL,NULL),(303,'1','346',' Tondo Hermosa','1152-1154 Hermosa cor. Bagac St., Manuguit Subd. Tondo','255-4843 ; 255-5254',NULL,NULL),(304,'1','347',' Indang Commercial Arcade','Indang Commercial Arcade Indang Cavite','(046)415-0664 ; 415-0512',NULL,NULL),(305,'1','348',' Cainta Rublou Market Place','Space G02 & G03 Rublou Market Place Greenland cor. A. Boni. & Buen-Mar Cainta','570-0336 ; 570-0337',NULL,NULL),(306,'1','349',' Makati City Valero 2 Carpark','G/F Valero Carpark Bldg., Valero St., Makati City','892-0683',NULL,NULL),(307,'1','350',' Marikina Shoe Ave - 24hrs','EMH Bldg. L85 B100 A-3-5-7 Shoe Ave, Marikina City','647-0922 ; 646-3784',NULL,NULL),(308,'1','351',' Novaliches - Square  - 24 Hrs','695 Quirino Hiway Nova Square Bgy. San Bartolome','930-4399 ; 930-7990',NULL,NULL),(309,'1','353',' Sampaloc A.H. Lacson','A.H. Lacson Cor. Dapitan St., Sampaloc Manila','740-4841',NULL,NULL),(310,'1','354',' Trinoma Landmark','Level P1, Trinoma Landmark EDSA cor. North Ave., PAGASA Q.C.','901-5635',NULL,NULL),(311,'1','355',' San Pedro Puregold','Kiosks 7,8,9,10 & 11 Puregold Nat\'l. Hiway cor. Magsaysay San Antonio SPL','847-8141 ; 847-8535',NULL,NULL),(312,'1','356',' Pasig City Meralco Comm\'l. Strip','The Strip Comm\'l. Complex Meralco Cmpd. Ortigas Ave.','636-3525 ; 634-1728',NULL,NULL),(313,'1','357',' Imus Aguinaldo','Along Gen. Aguinaldo Hiway, Tanzang Luma Imus Cavite','(046)471-8404 ; 471-7884',NULL,NULL),(314,'1','358',' Makati City The Residences','GF The Residences AT Greenbelt Greenbelt Complex Ayala Cntr Makati','799-1147 & 49; 750-8066',NULL,NULL),(315,'1','359',' Manila Robinson\'s Place Otis','Level 1 Robinson\'s Place Otis Paz Mendoza Guanzon St., Paco Manila','559-0721 ; 559-0722',NULL,NULL),(316,'1','360',' Acacia Lane','Acacia corner Shaw Blvd., Mandaluyong City','',NULL,NULL),(317,'1','361',' Calamba Crossing Uno','Nat\'l. Road Crossing Brgy. Uno Calamba City Laguna','(049)545-1422 ; 545-1423',NULL,NULL),(318,'1','362',' QC Cttm Square','CTTM Square Along Tomas Morato cor. Timog E Q.C.','927-4190',NULL,NULL),(319,'1','363',' Marikina City Blue Wave Marquinton 2','Shop 2-3 Blue Wave Marquinton 2 Sumulong Hiway cor. G. Fernando Ave. Marikina City','710-9149 ; 386-4807',NULL,NULL),(320,'1','364',' Calamba Turbina','Nat\'l. Hiway Brgy. Turbina Calamba City Laguna','(049)502-2364',NULL,NULL),(321,'1','365',' Broadway Avenue E. Rodriguez  - 24 Hr','900 E. Rodriguez Sr Ave cor Broadway Ave., Mariana QC','723-3953 / 723-7503',NULL,NULL),(322,'1','366',' Malabon - Citisquare Mall','G/F Malabon Citisquare C4 Road Longos Malabon City','288-0534 ; 287-7139',NULL,NULL),(323,'1','367',' Dasmariñas Paliparan','Molino - Paliparan Road, Paliparan Dasmariñas Cavite','(046) 686-4288 ; 541-0387',NULL,NULL),(324,'1','368',' San Juan City Puregold','Comm\'l. Unit 1 G/F Puregold San Juan, N. Domingo St. cor. F. Blum. San Juan City','710-1873',NULL,NULL),(325,'1','369',' Makati City - Makati Avenue','Makati Ave. Poblacion Makati City','890-6905',NULL,NULL),(326,'1','370',' Tayuman Puregold','Comm\'l. Unit 1 G/F Tayuman St cor. Juan Luna Barangay 154 Tondo Manila','254-6689',NULL,NULL),(327,'1','371',' Pasay City - Liberty Comm\'l. Complex','Liberty Comml. Complex FB Harrison cor Arnaiz Ave. Libertad P. C.','551-1119 ; 551-1816',NULL,NULL),(328,'1','372',' Valenzuela Puregold','Comm\'l. Units 9 & 10 Puregold Val. McArthur Hiway Dalandanan','293-8715',NULL,NULL),(329,'1','373',' Valenzuela Gen. T. De Leon','Along Gen. T. De Leon St., Gen. T. De Leon Valenzuela City','294-1278 ; 294-5643',NULL,NULL),(330,'1','374',' Las Piñas City Puregold','Comm\'l. Units G-1-G-3, S1-S3 Puregold L.P. Real Talon L. P. City','802-3017 ; 801-0115',NULL,NULL),(331,'1','375',' Calumpit St. Peter Commercial Center','St. Peter Comm\'l. Center Bldg McArthur Hiway Corazon Calumpit Bul.','(044) 913-0070 , (044) 675-1883',NULL,NULL),(332,'1','376',' Waltermart North Edsa','1/F WMEDI-07 Waltermart Ctr N.E 8001A Brgy Veterans Vill QC','332-1133 ; 332-1134',NULL,NULL),(333,'1','377',' Makati Edsa Gil Puyat','Cor. Edsa Gil Puyat Ave., Zodiac St., Makati City','899-2361 / 899-2363',NULL,NULL),(334,'1','378',' Las Piñas City Casimiro','Casimiro Comm\'l. Bldg., Zapote Rd cor CAA Rd. Pamplona Tres LP City','872-0633 ; 872-0368',NULL,NULL),(335,'1','379',' Kalookan City - Kalookan 5th Ave.','Rizal Ave. Ext. Bet 4th & 5th Ave., Brgy 51 Zone 5 Dist. 11 Cal. City','363-3509 ; 361-7994',NULL,NULL),(336,'1','380',' Pasig City C. Raymundo','CM Raymundo Ave., near cor. Mercedes Ave., Caniogan Pasig City','640-5844 ; 640-1916',NULL,NULL),(337,'1','381',' San Pedro Centro Pacita','Bldg. 4 Centro Pacita Pacita Complex San Vicente San Pedro Laguna','847-2759 ; 847-2760 ; 847-2790',NULL,NULL),(338,'1','382',' Malabon City Concepcion','79 Gen. Luna St., Concepcion Malabon City','282-3582 ; 281-7816',NULL,NULL),(339,'1','383',' Fairview Centermall','Upper G/F Fairview Centermall Fairview Ave. cor Regalado Ave. Brgy Greater Fairview Q.C.','930-1077 ; 935-6763',NULL,NULL),(340,'1','384',' Pasay City Mall & Public Market','Spaces No. GF-ANS-05 P.C. Mall & Pub. Mkt Arnaiz Ave. cor. Taft Ave','556-4906 / 556-4907 / 556-4908',NULL,NULL),(341,'1','385',' Pasay City - Edsa Mrt  - 24hrs','Along EDSA cor. Revilla St., Pasay City','854-4592',NULL,NULL),(342,'1','386',' Bulacan Malolos City Puregold Mcarthu','Unit CU 7-9 PG Malolos Km 42 McArthur HW Bulihan Malolos City Bul.','(044) 796-2195 & 96',NULL,NULL),(343,'1','388',' Angono Poblacion','136 Quezon Ave., Poblacion Angono Rizal','470-0392 ; 470-0389',NULL,NULL),(344,'1','389',' Muntinlupa City Alabang Citi Arcade','Unit 8-11 Alabang Citi Arcade Don Jesus Blvd. Cupang Muntinlupa City','659-2824',NULL,NULL),(345,'1','390',' Manila Arranque Comm\'l. Center','1338 CM Recto Ave. Cor. T. Alonzo St., Sta. Cruz Manila','736-9314 ; 736-7165',NULL,NULL),(346,'1','391',' Cavite Gma Puregold Governor\'s Drive','Unit 3 & 4 Puregold GMA Governor\'s Drive Brgy. San Gabriel GMA Cav.','(046) 890-2389',NULL,NULL),(347,'1','392',' Q.C. West Ave. Zamboanga','West Ave. cor. Zamboanga St., Brgy. Nayong Kanluran Quezon City','379-6960 ; 376-6961 ; 376-6962',NULL,NULL),(348,'1','393',' Parañaque City Sucat Puregold','Comm\'l. Unit 1, GF Puregold Sucat Dr. A. Santos Ave., Sucat Pnque City','826-0425 ; 829-1383',NULL,NULL),(349,'1','394',' Marilao Mcarthur','McArthur Hiway Brgy. Tabing Ilog Marilao Bul.','(044)933-0800 ; 933-0801',NULL,NULL),(350,'1','395',' Manila Binondo Reina Regente','Philippine Hui An Bldg., 930 - 932 Reina Regente St. Brgy. 292. Zone 28 Binondo Manila','244-1518 ; 241-1108',NULL,NULL),(351,'1','396',' Q.C. Shopwise E. Rodriguez Jr.','G/F Unit G-16 Shopwise E. Rodriguez Jr. Bagumbayan Q.C.','638-0563 ; 638-0663',NULL,NULL),(352,'1','397',' Makati City Rada Regency','Unit G-7 & G-8 Rada Regency Rada St., Legaspi Vill. Makati City','856-9738 ; 856-9740',NULL,NULL),(353,'1','398',' Calamba City Carolina Center','Carolina Center Bldg., Nat\'l. Hiway cor. Ipil-Ipil St., Bucal Calamba City Laguna','(049) 545-0502',NULL,NULL),(354,'1','399',' Q.C. Frisco Place','103 - 105 Frisco Place 158 Roosevelt cor. Del Monte Q. C.','332-4145 ; 332-4146',NULL,NULL),(355,'1','401',' Sariaya - Gen. Luna','Gen. Luna St., Sariaya Quezon','(042) 651-2195',NULL,NULL),(356,'1','402',' Camarines Sur Naga J. Miranda','Panganiban Drive cor. J. Miranda Ave., Concepcion Pequena Naga City','(054) 811-7080',NULL,NULL),(357,'1','403',' Pangasinan Pozzorubio Caballero','Caballero St., Pozorrubio Pangasinan','(075) 566-4040',NULL,NULL),(358,'1','404',' Lucban Quezon Avenue','Quezon Ave., Lucban Quezon','(043) 723-2438',NULL,NULL),(359,'1','405',' Lipa J. P. Laurel','J.P. Laurel Nat\'l. Hiway Brgy. Sabang Lipa City','(043) 784-2166',NULL,NULL),(360,'1','406',' Pampanga Angeles Sto. Rosario','Sto. Rosario St., Sto. Rosario Angeles City','(045) 887-2662',NULL,NULL),(361,'1','407',' Pangasinan Dagupan City Lucao','Lucao District Dagupan City Pangasinan','(075) 515-5949',NULL,NULL),(362,'1','408',' Pangasinan Malasiqui Rizal','Rizal St., Poblacion Malasiqui Pangasinan','(075) 536-3467',NULL,NULL),(363,'1','409',' Abra Bangued Taft','Taft St., Zone 5, Bengued, Abra 2800','(072) 652-5852',NULL,NULL),(364,'1','410',' Capas Tarlac Mcarthur Highway','McArthur Highway Capas Tarlac','(045) 491-2965',NULL,NULL),(365,'1','411',' Cabanatuan - Gen. Tinio','Morales Bldg., Gen. Tinio St., Cabanatuan City Nueva Ecija','(044) 463-4035',NULL,NULL),(366,'1','412',' Camarines Sur Naga Gen. Luna','Gen. Luna St., Dinaga Naga City','(054) 811-5764',NULL,NULL),(367,'1','413',' Camarines Sur Naga P. Burgos','P. Burgos St., Sta. Cruz Naga City','(054) 811-5765',NULL,NULL),(368,'1','414',' Occ. Mindoro Mamburao J.p. Rizal','#4 Rizal St., Barangay 6 Mamburao Occidental Mindoro','(043) 711-1959',NULL,NULL),(369,'1','415',' Pampanga Angeles City Balibago Mcarth','Mac Arthur Hiway, Balibago Angeles City Pampanga','(045) 625-6499',NULL,NULL),(370,'1','416',' Isabela Cauayan City Pangasinan Linga','3 Kings Market Don Vicente Solis St., cor Rizal Pob, Lingayen Pangasinan','(075) 542-4977',NULL,NULL),(371,'1','417',' Isabela Cauayan City Rizal','#94 Rizal Ave., Centro District 2 Cauayan City','(078) 652-3602',NULL,NULL),(372,'1','418',' Cagayan Aparri Magsaysay','Magsaysay St. cor. Rizal Aparri Cagayan','(078) 888-0299',NULL,NULL),(373,'1','419',' Batangas City Rizal','Rizal St., Batangas City','(043) 723-2438',NULL,NULL),(374,'1','420',' San Fernando - La Union Public Market','P. Burgos St., San Fernando City La Union','(072) 888-7437',NULL,NULL),(375,'1','421',' Oriental Mindoro Calapan City Rizal L','J.P. Rizal St. cor. M. Leuterio St., San Vicente East Calapan City Or. Mdo.','(043) 288-1045 / 441-1037',NULL,NULL),(376,'1','422',' Ilocos Sur Vigan Alcantara','Alcantara St., Vigan Ilocos Sur','(077) 722-8260',NULL,NULL),(377,'1','423',' Batangas Lipa City Big Ben Complex','Big Ben Complex J.P. Laurel Highway Lipa City Batangas','(043) 312-6341',NULL,NULL),(378,'1','424',' Quezon Lucena City Cabana','Quezon Ave. cor Cabana St., Brgy 003 Quezon Lucena City','(042) 373-7479',NULL,NULL),(379,'1','425',' Masbate Zurbito','Zurbito St., Masbate City','(056) 333-6992',NULL,NULL),(380,'1','426',' Alaminos Marcos Ave.','Marcos Ave. cor. Montemayor St., Alaminos City','(075) 551-3965',NULL,NULL),(381,'1','427',' Pangasinan Mangaldan Rizal Adan','Rizal St. cor. Adan St., Mangaldan Pangasinan','(075) 513-4327',NULL,NULL),(382,'1','428',' Balanga Public Market','Balanga Public Market San Jose Balanga City Bataan','(047) 237-0868',NULL,NULL),(383,'1','429',' Puregold San Pablo City','Colago St., Brgy. 1-A San Pablo City Laguna','(049) 503-0141',NULL,NULL),(384,'1','430',' Zambales Iba Public Market','Public Market Paulien Iba Zambales','(047) 811-3853',NULL,NULL),(385,'1','431',' Brooke\'s Point','Narrazid St., Poblacion Brooke\'s Point Palawan','(048) 725-1050',NULL,NULL),(386,'1','432',' Pampanga Angeles City Miranda','Miranda St., Brgy. San Nicolas, Angeles City','(045) 625-4135',NULL,NULL),(387,'1','433',' Embarkadero Mall Albay','Embarkadero Mall Legaspi Port District Legaspi City Albay','(052) 480-6639',NULL,NULL),(388,'1','434',' Pampanga Angeles City Marquee Mall','Space 1005-1006 Marquee Mall Francis G. Nepomuceno Ave., Pulung Maragul Angeles City','(045) 889-0471',NULL,NULL),(389,'1','435',' Calapan Lalud','Lalud Calapan City Or. Mindoro','(043) 288-1328 ; 286-7587',NULL,NULL),(390,'1','436',' Bauang La Union','National Highway Bauang La Union','(072) 607-7194',NULL,NULL),(391,'1','437',' Laguna San Pablo Maharlika','Maharlika Highway Brgy. II C San Pablo City Laguna','(049) 562-8002',NULL,NULL),(392,'1','438',' Batangas Pallocan West','Pallocan West Batangas City Batangas','(043) 722-2777',NULL,NULL),(393,'1','439',' Ilocos Norte San Nicolas Robinson\'s M','Robinson\'s Mall San Francisco San Nicolas Ilocos Norte','(077) 781-2816',NULL,NULL),(394,'1','440',' Palawan P.p. San Pedro Wescom Road','Alicon Bldg., Nat\'l. Hiway cor. Wescon Road, San Pedro P.P. City Palawan','(048) 434-1723',NULL,NULL),(395,'1','442',' Romblon Odiongan M.a. Roxas','Agro Comm\'l. Center, M.A. Roxas St., Odiongan Romblon','(048) 567-6188',NULL,NULL),(396,'1','443',' Ilocos Sur Candon Gray','National Highway Gray St., San Jose Candon City, Ilocos Sur','(077) 742-6652',NULL,NULL),(397,'1','444',' Pangasinan San Carlos City Roxas','Roxas Blvd., San Carlos City Pangasinan','(075) 531-3804',NULL,NULL),(398,'1','445',' Calasiao Mcarthur Hiway','McArthur Hiway Nalsian Calasiao Pangasinan','(075) 522-6523',NULL,NULL),(399,'1','446',' Albay Legaspi Washington Drive','Rivero Bldg., Washington Drive Bagumbayan Old Albay Dist. Legaspi City Albay','(052) 481-0988',NULL,NULL),(400,'1','448',' Aurora Baler','Quezon Cor. Recto 1 Baler Aurora','(0917) 572-9161',NULL,NULL),(401,'1','449',' Camsur Iriga City San Francisco - 24','Caganda Bldg., JP Rizal St., San Francisco Iriga City Camarines Sur','(054) 811-5765',NULL,NULL),(402,'1','452',' Cubao - Philamlife','Philamlife Bldg. Aurora Blvd. cor Araneta Ave. Cubao QC','709-1904',NULL,NULL),(403,'1','453',' Malabon City - Mgc Veranda','MGC Veranda 31 Gov Pascual Ave Tinajeros Malabon City','288-0919 ; 288-2474',NULL,NULL),(404,'1','454',' Bulacan Sta. Maria Waltermart Bypass','Grd. Flr. Waltermart Sta. Maria Bypass Road cor. Sta. Clara St., Sta. Clara Sta Maria Bulacan','(044)641-1324 ; 815-4250',NULL,NULL),(405,'1','455',' Don Antonio Heights Qc','22 Holy Spirit Drive Don Antonio Hts Brgy Holy Spirit D2 Q.C.','951-0254 ; 932-9981',NULL,NULL),(406,'1','456',' Parañaque City Robinson\'s Woodsville','G.F. Rob.Woodville Viverde Mansion Vill. Mall Merville Edison Ave cor W.S.R. Pnque City','823-2420 ; 823-2001',NULL,NULL),(407,'1','457',' Manila Sampaloc P. Noval','Espana Blvd., cor. P. Noval St., Sampaloc Manila','735-3395 ; 735-4216',NULL,NULL),(408,'1','458',' Manila Puregold R. Magsaysay Blvd.','Comm\'l. Units 1 & 2 G/F Puregold Sta. Mesa Magsaysay Blvd., cor. Altura Ext Sta. Mesa Manila','715-8491',NULL,NULL),(409,'1','459',' Rizal San Mateo Puregold Gen. Luna','Unit 3-A Puregold San Mateo Gen. Luna St., Banaba San Mateo Rizal','475-1469 ; 475-1490',NULL,NULL),(410,'1','460',' Rizal Antipolo City Mall','City Mall of Ant. Anchor A Bldg. A Lower G/F City Market of Ant. Cogeo Ant. City Rizal','681-4981 / 681-6631',NULL,NULL),(411,'1','461',' Marikina City Concepcion Uno Josef','40 JP Rizal cor. F. Josef St., Concepcion Uno Marikina City','948-3549 ; 948-3945',NULL,NULL),(412,'1','462',' Parañaque City Sucat Interchange','4884 Dr. A. Santos Ave., (Sucat Road) BF Homes Parañaque City','820-0698',NULL,NULL),(413,'1','463',' Bulacan Sta. Maria C. De Guzman','C. De Guzman St., Brgy. Poblacion Sta. Maria Bul.','(044) 815-3792 ; 815-3543',NULL,NULL),(414,'1','464',' Cavite Bacoor Habay','0881 Tirona Hi-way Brgy. Habay Bacoor Cavite','(046) 417-7975',NULL,NULL),(415,'1','465',' Cavite Noveleta Magdiwang','Dr. Jose Salud St., Brgy Magdiwang Noveleta Cavite','(046) 438-9221',NULL,NULL),(416,'1','466',' Manila Ermita Taft Apacible  - 24 Hrs','1410 Jamora Bldg., Taft Ave. cor. Apacible St., Ermita Manila','536-2384',NULL,NULL),(417,'1','467',' QC Novaliches Olympus Arcade  - 24hrs','North Olympus Arcade 95-A Old Camarin Rd. Zabarte Kaligayahan Nova. Q.C.','962-6624 ; 962-0957',NULL,NULL),(418,'1','468',' Novaliches - Lagro Hilltop','Unit 4-8 Sunbest Bldg., Quirino Hiway near Hilltop Subd., Brgy Greater Lagro Nova. Q.C.','935-7517 ; 937-3261',NULL,NULL),(419,'1','469',' San Ildefonso Cagayan Valley','780 Cagayan Valley Road Pob. San Ildefonso Bul.','(044) 901-0214',NULL,NULL),(420,'1','470',' Q.C. Project 4 J. P. Rizal','J.P. Rizal cor. Tom Castro St. Bgy Milagrosa Proj 4 Quezon City','912-3675',NULL,NULL),(421,'1','471',' Cavite Dasmariñas Salawag','EVY Bldg., Molino - Salawag BO Salawag Dasmariñas Cavite','(046) 489-7254',NULL,NULL),(422,'1','472',' Malabon City - Santulan','7 M II Del Pilar St Santulan Malabon City','352-1401 / 332-8544',NULL,NULL),(423,'1','473',' Muntinlupa Poblacion National Hiway','678 National Highway Poblacion Muntinlupa City','868-2007 ; 868-7197',NULL,NULL),(424,'1','474',' Q.C. Eton Cyberpod Corinthian','Ortigas Ave. near cor EDSA Quezon City','470-3800',NULL,NULL),(425,'1','475',' Q.C. Shopwise Commonwealth','G/F Shopwise Comm. Along Don Mariano Ave., Brgy. Holy Spirit D2 QC','932-7224 ; 932-7791',NULL,NULL),(426,'1','476',' Cavite Imus Anabu I-b','KM21 Aguinaldo Hiway Anabu IB Imus Cavite','(046) 472-2406',NULL,NULL),(427,'1','477',' Q.C. Cubao P. Tuazon Blvd. 13th Ave','232 P. Tuazon Blvd. cor. 13th Ave., Cubao QC','913-4603',NULL,NULL),(428,'1','478',' QC Baesa Town Center','232 Baesa Town Center Quirino Hiway Brgy. Baesa Quezon City','330-5500 / (02) 330-5900 / (02) 330-6100',NULL,NULL),(429,'1','479',' Sta. Ana Pedro Gil M. Roxas','2410 - 2418 Pedro Gil St. cor. M. Roxas St., Barangay 879 Zone 095 Sta. Ana Manila','559-7249 ; 559-7251',NULL,NULL),(430,'1','480',' Cavite Puregold Bacoor','Along Gen. E. Aguinaldo Highway Brgy Panapaan Bacoor Cavite','(046) 417-2389 / (046) 417-9283',NULL,NULL),(431,'1','481',' Balagtas Town Center','Balagtas Town Center Borol I Balagtas Bulacan','(044) 769-0006 / (044) 769-0226',NULL,NULL),(432,'1','482',' Kalookan City Sangandaan Gen. San Mig','78 Gen. San Miguel St. Sangandaan Kalookan City 1408 Metro Manila','(02) 8-285-6461 / (02) 8-285-6719 / (02) 8-285-677',NULL,NULL),(433,'1','483',' Quezon City Kamuning Edsa','Along Kamuning Road Cor. EDSA Kamuning Quezon City','929-1651',NULL,NULL),(434,'1','484',' Rizal Montalban Town Center','Montalban Town Center San Jose Rodriguez Rizal','941-3260 ; 941-3453',NULL,NULL),(435,'1','485',' Dr. G. Garcia Quezon Ave.','Quezon Ave., cor. Dr. G. Garcia St., Paligsahan Quezon City','352-5476 ; 352-5478',NULL,NULL),(436,'1','486',' Cavite Puregold Tanza','CU# 29-30 Puregold Tanza A Soriano Highway Daang Amaya Tanza Cavite','(046) 481-8896 / (046) 481-8897',NULL,NULL),(437,'1','487',' Q.C. Puregold North Commonwealth','Units 6 & 7 G/F Puregold North Comm. Comm. Ave Fairview Park Subd Brgy Fairview QC','352-6675 / (02) 352-6632',NULL,NULL),(438,'1','488',' Parañaque City Puregold Bf Homes','CU #1 Puregold Price Club Bldg., Aguirre Ave. Cor. Kyoto St., Brgy BF Homes Paranaque City','',NULL,NULL),(439,'1','489',' Mand. City California Garden Square','Domingo M. Guevarra cor. Calbayog St Malamig Mand. City','(02) 477-6211 / (02) 477-6213',NULL,NULL),(440,'1','490',' Manila Sta. Mesa P. Sanchez','3477 P. Sanchez St., Brgy 602 Zone 060 Sta. Mesa Manila','516-7954 ; 516-7971',NULL,NULL),(441,'1','491',' Manila Sta. Cruz Masangkay','Store Nos. 18 & 19 Broadview Towers Condominium 1344-1346 Mayhaligue cor. Masangkay Sts Sta. Cruz Masangkay','(02) 559-8924 / (02) 559-9874',NULL,NULL),(442,'1','492',' Manila Times Plaza Ermita','Times Plaza Bldg UN Avenue cor Taft Ave., Ermita Manila','(02) 567-4894',NULL,NULL),(443,'1','493',' QC Puregold Novaliches','Puregold Nova. 1018 Quirino Hiway Brgy. Sta. Monica Nova. Q.C.','922-6594 ; 922-6587 ; 922-6601',NULL,NULL),(444,'1','494',' Q.C. Northridge Plaza Congressional','G/F Annex A Northridge Plaza 12 Cong. Ave., Brgy Bahay Toro QC','(02) 441-4122 / (02) 441-4124',NULL,NULL),(445,'1','495',' Q.C. Cubao Puregold','Aurora Blvd. cor. Gen. Santos Ave., Cubao Quezon City','912-5252 ; 912-5077',NULL,NULL),(446,'1','496',' Laguna San Pedro Shopwise','B6 G/F Shopwise San Pedro Old Nat\'l. Hiway Landayan San Pedro Laguna','(02) 553-4063',NULL,NULL),(447,'1','497',' Quezon City West Kamias Edsa','No. 2 Kamias Road cor. EDSA Brgy. West Kamias Quezon City','(02) 442-0715 / (02) 442-3873',NULL,NULL),(448,'1','498',' Las Piñas City Pulang Lupa Dos','Along Naga Road, Pulang Lupa Dos Las Pinas City','829-3120 to 22',NULL,NULL),(449,'1','499',' Taguig City Boni. Global City 32th St','32th St. cor. 4th St.,. The Fort Taguig City','846-3417 / (02) 846-4001 / (02) 846-4300',NULL,NULL),(450,'1','501',' Zambales Subic Puregold Subic Bay Fre','Units 13 & 14 Puregold Bldg., Argonaut hiway Subic Bay Freeport Zone','(047) 250-2209',NULL,NULL),(451,'1','504',' Puregold Candelaria','Maharlika Highway, Masin Sur, Candelaria Quezon','(042) 6512195 ; 0917-3539736',NULL,NULL),(452,'1','505',' Baguio Session','Session Road, Baguio City Benguet 2600','(074) 442-4310 / 442-4142',NULL,NULL),(453,'1','507',' Urdaneta Nat\'l. Hiway','19 McArthur Hiway San Vicente East Urdaneta City Pangasinan','(075) 568-6008 ; 656-0223',NULL,NULL),(454,'1','509',' Palawan Narra National Hiway','National Hiway cor. Osmena St., Narra Palawan','(048) 434-1095',NULL,NULL),(455,'1','510',' Bulacan Baliuag Poblacion','Plaza Naning Poblacion Baliuag Bulacan','(044) 766-0051',NULL,NULL),(456,'1','511',' Neo Calapan Mall','Neo Calapan Mall M.A. Roxas Drive Lumangbayan Calapan City Or. Mindoro','(043) 284-4460',NULL,NULL),(457,'1','512',' Benguet Baguio City Upper Session Roa','Unit 305-306 Jose N. De Leon III Ctr Don De Leon Bldg Upper Session Rd Baguio City Benguet','(074) 424-0118',NULL,NULL),(458,'1','513',' Quezon Calauag Poblacion','Quezon St., Brgy. Cuatro Calauag Quezon','(042) 841-1548',NULL,NULL),(459,'1','516',' Pangasinan Lingayen Avenida East','Avenida Rizal East Poblacion Lingayen Pangasinan','(075) 662-1045',NULL,NULL),(460,'1','517',' Pangasinan Alaminos City Nepo Mart','Unit 104 AP Quezon Ave., Poblacion Alaminos City','(075) 551-4903',NULL,NULL),(461,'1','518',' Lucena Quezon','Quezon Avenue Brgy. VI Quezon Lucena City','(042) 710-4252',NULL,NULL),(462,'1','519',' Nueva Ecija Zaragosa','Brgy. San Isidro Zaragoza Nueva Ecija','(044) 463-7110',NULL,NULL),(463,'1','521',' Batangas Sto. Tomas Maharlika Hiway','Maharlika Hiway cor. Capt. Ireneo Sanchez Sto. Tomas Batangas','(0906) 5818650',NULL,NULL),(464,'1','522',' Pangasinan San Carlos City Palaris','Palaris St., San Carlos City Pangasinan','(075) 531-4284',NULL,NULL),(465,'1','523',' Naga - Elias Angeles','Elias Angeles St., Naga City 4400','(054) 811-6634',NULL,NULL),(466,'1','524',' Oriental Mindoro Pinamalayan Nautical','Nautical Highway Mar Francisco Pinamalayan Or. Mindoro','(043) 284-4460',NULL,NULL),(467,'1','525',' Solano Maharlika Hiway','Solano Commercial Complex Maharlika Highway Poblacion South Solano Nueva Vizcaya','-',NULL,NULL),(468,'1','526',' Legaspi Rizal','Rizal St., Legaspi City 4500','(052) 820-3203 / 820-2032',NULL,NULL),(469,'1','527',' Lipa C.m. Recto','C. M. Recto cor. P. Torres Sts., Lipa City Batangas','(043) 756-3464',NULL,NULL),(470,'1','528',' Santiago Panganiban','Panganiban St., Santiago Isabela','(078) 642-8246',NULL,NULL),(471,'1','529',' Sta. Cruz Poblacion Marinduque','Mabini St., PAGASA Sta. Cruz Marinduque','(042) 321-1537',NULL,NULL),(472,'1','530',' Isabela Alicia Aquino','Ocampo Aquino St., Antonino Alicia Isabela','(078) 652-4303',NULL,NULL),(473,'1','531',' Zambales Subic Harbor Point','Harbor Point Rizal Highway SBFZ Subic Zambales','(047) 250-2970 / (047) 250-2971',NULL,NULL),(474,'1','532',' Pangasinan San Fabian Rizal','Rizal St., Poblacion San Fabian Pangasinan','(0922) 7066782',NULL,NULL),(475,'1','533',' San Jose Maharlika','Palumaca Bldg., Maharlika Highway F.E. Marcos San Jose City','(044) 940-2335',NULL,NULL),(476,'1','534',' Tarlac Camiling Poblacion','Quezon Ave. Poblacion G. Camiling Tarlac','(045) 491-2022 / (045) 491-0713',NULL,NULL),(477,'1','535',' Baguio Magsaysay','Magsaysay Ave., Baguio City Benguet 2600','(074) 442-5837 / 422-4143',NULL,NULL),(478,'1','536',' Baliuag - Mabini','Mabini St., Poblacion Baliuag Bulacan','(044) 766-2085',NULL,NULL),(479,'1','537',' Pampanga San Fernando Waltermart','Waltermart San Fernando McArthur Hiway San Agustin City of SFP','(045) 435-0043',NULL,NULL),(480,'1','538',' Ilagan Centro','Rizal St., Centro, Ilagan Isabela','(078) 624-0921',NULL,NULL),(481,'1','540',' Daet - Gov. Panotes','Gov. Panotes Ave., Daet, Camarines Norte 4600','(054) 721-2383',NULL,NULL),(482,'1','542',' Occ. Mindoro San Jose Cooper','Capt. Cooper St., Brgy. 4 San Jose Occidental Mindoro','(043) 491-1793',NULL,NULL),(483,'1','543',' Albay Ligao City Mckinley','McKinley St., Calzada Ligao City Albay','(052) 485-1150',NULL,NULL),(484,'1','544',' Nueva Ecija Cabanatuan Ne Pacific Mal','Robinson NE Pacific Mall Nueva Ecija','(044) 940-7167',NULL,NULL),(485,'1','545',' Lemery Ilustre','Ilustre Ave., Lemery Batangas','(043) 411-0959',NULL,NULL),(486,'1','546',' Pampanga Magalang Puregold','Puregold Angeles Magalang Road, San Pedro II Magalang Pamp.','(045) 866-',NULL,NULL),(487,'1','547',' Nueva Ecija Gapan City Jose Abad Sant','Jose Abad Santos Avenue Brgy. San Vicente Gapan City Nueva Ecija','(044) 486-0151',NULL,NULL),(488,'1','550',' Catanduanes Virac Centermall','Centermall Rizal Ave., Sta. Cruz Virac Catanduanes','(052) 811-2869',NULL,NULL),(489,'1','552',' Pangasinan Manaoag Soriano','Soriano St., Poblacion Manaoag Pangasinan','(075) 529-2029',NULL,NULL),(490,'1','553',' Bambang Maharlika Hiway','Maharlika Highway CalaocanBambang Nueva Vizcaya','-',NULL,NULL),(491,'1','554',' Pangasinan Calasiao Robinson\'s','Robinson\'s Place San Miguel Calasiao Pangasinan','(075) 515-7920',NULL,NULL),(492,'1','555',' Bataan Orani Poblacion','Poblacion Road, Orani Bataan','(047) 630-1296',NULL,NULL),(493,'1','556',' Quezon Lucena City Merchan','Merchan St., Brgy VI Quezon Lucena City','(042) 710-4623',NULL,NULL),(494,'1','557',' Guagua Plaza Burgos','Plaza Burgos, Guagua Pampanga 2003','(045) 901-0879',NULL,NULL),(495,'1','559',' Puerto Princesa Palawan City Robinson','Puerto Princesa Robinson\'s Place Nat\'l. Hiway, Brgy. San Manuel P.P. Palawan City','(048) 723-0119',NULL,NULL),(496,'1','566',' Tarlac San Miguel','McArthur Highway San Miguel Tarlac City','(045) 985-2796',NULL,NULL),(497,'1','569',' Isabela Ilagan North Starmall','Maharlika Highway Alibagu Ilagan Isabela','(0917) 883-8025',NULL,NULL),(498,'1','575',' Tuguegarao College Ave.','Gonzaga St., College Ave., Tuguegarao Cagayan 3500','(078) 844-2673',NULL,NULL),(499,'1','578',' Santiago Maharlika Public Market','Bldg. #9, #10, #11 and #12 Maharlika Hiway, Centro East Santiago City','(078) 682-3772',NULL,NULL),(500,'1','581',' San Pablo Ultimart Shopping Center','Ultimart Shopping Center M. Paulino St., Center San Pablo City','(049) 562-5266',NULL,NULL),(501,'1','582',' Balanga Rizal','Rizal St cor Diversion Rd Poblacion Balanga Bataan','(047) 237-5270; (047) 237-9977',NULL,NULL),(502,'1','583',' Macb Square Mabalacat','MACB Square MCArthur Hiway Dau Mabalacat Pampanga','(045) 892-2793',NULL,NULL),(503,'1','585',' Roxas Syquia','Syquia St., Roxas, Isabela 3320','(078) 642-8320',NULL,NULL),(504,'1','586',' Balayan Damballelos','Damballelos St., Balayan Batangas','(043) 921-3320',NULL,NULL),(505,'1','588',' Naga - Abella','Abella St. cor. Igualdad St., Naga City 4400','(054) 811-2177',NULL,NULL),(506,'1','589',' Puerto Princesa - Rizal Ave.','Rizal Ave., Brgy. Model Puerto Princesa City','(048) 433-3875',NULL,NULL),(507,'1','592',' Caedo Comm\'l. Center - 24 Hrs','Caedo Commercial Center, Batangas City','(043) 980-2559',NULL,NULL),(508,'1','593',' Camiling Quezon','Quezon Ave., Poblacion, Camiling, Tarlac 2306','(045) 934-0683',NULL,NULL),(509,'1','594',' Pampanga Apalit Mcarthur Hiway','McArthur Hiway San Vicente Apalit Pampanga','(045) 652-1141',NULL,NULL),(510,'1','595',' Iriga J.p. Rizal','J.P. Rizal St. cor. Rotary Road, Iriga, Albay 4431','(054) 655-1080',NULL,NULL),(511,'1','597',' Cabanatuan Maharlika','Venes II Bldg., Maharlika Hiway cor. Mabini Ext, Cabanatuan City N.E.','(044) 463-6774',NULL,NULL),(512,'1','598',' Arayat Poblacion','Poblacion Road, Arayat Pampanga 2012','(045) 885-0952',NULL,NULL),(513,'1','599',' Tarlac Juan Luna - 24 Hrs','Juan Luna St. cor. McArthur Hiway, Tarlac City 2300','(045) 982-0675',NULL,NULL),(514,'1','600',' Balanga Paterno','Paterno St. Balanga City Bataan','(047) 237-5269 / (047) 237-9974',NULL,NULL),(515,'1','601',' Bangued Partelo','Partelo St., Zone 2, Bengued, Abra 2800','(074) 752-8152',NULL,NULL),(516,'1','602',' Masbate Tara','Tara St., Masbate City','(056) 333-5852',NULL,NULL),(517,'1','603',' Camarines Sur Pili National Hiway','National Hiway San Vicente Pili Camarines Sur','(054) 361-1300',NULL,NULL),(518,'1','605',' Daet Lukban','Lukban St., Daet, Camarines Norte 4600','(054) 721-2989 / 571-2995',NULL,NULL),(519,'1','606',' Batac Washington','Washington St., Batac, Ilocos Norte 2906','(077) 792-4201',NULL,NULL),(520,'1','607',' Tabaco Ziga','Ziga Ave., Tabaco Albay 4511','(052) 487-7189 / 830-1164',NULL,NULL),(521,'1','608',' Pampanga Angeles Cutcut','Rizal Extension Brgy. Cutcut Angeles City Pampanga','(0928) 552-5986',NULL,NULL),(522,'1','609',' Candon Nat\'l. Hiway','National Highway, Candon, Ilocos Sur 2710','(077) 742-6652',NULL,NULL),(523,'1','61',' Antipolo - Poblacion - 24 Hrs','ML Quezon St., cor. Sumulong San Roque Antipolo City','697-0111; 697-0223',NULL,NULL),(524,'1','610',' Cauayan, Maharlika - 24 Hrs','Maharlika Hiway, Cauayan, Isabela 3305','(078) 652-1237',NULL,NULL),(525,'1','611',' Hyatt Garden San Fernando Dolores','Hyatt Garden, Dolores, San Fernando, Pampanga 2000','(045) 963-5716',NULL,NULL),(526,'1','612',' Cabanatuan - M.h. Del Pilar - 24 Hrs','Jacob Bldg., Maharlika Hiway Cabanatuan City','(044) 463-7110',NULL,NULL),(527,'1','613',' Sorsogon Magsaysay','Magsaysay St., Poblacion, Sorsogon, Sorsogon 4700','(056) 211-2901',NULL,NULL),(528,'1','614',' Tuguegarao Gomez','Gomez St., Tuguegarao Cagayan 3500','(078) 844-5075',NULL,NULL),(529,'1','615',' Bauan Capitan Ponso','Capitan Ponso St., Bauan Batangas','(043) 980-6698',NULL,NULL),(530,'1','616',' Polangui Ubaliw','Ubaliw St., Polangui , Albay 4506','(052) 835-0577',NULL,NULL),(531,'1','618',' Subic Nat\'l. Hiway','National Hiway, Subic Zambales 2209','(047) 232-3865',NULL,NULL),(532,'1','619',' Lopez G.v. Vera','G.V. Vera St., cor. Francisco St., Lopez Quezon 4316','(042) 841-1548',NULL,NULL),(533,'1','620',' Baguio Center Mall','Baguio Center Mall, Baguio City Benguet 2600','(074) 444-9502 / 442-4144',NULL,NULL),(534,'1','621',' Guimba Afan Salvador','Afan Salvador St., Guimba, Nueva Ecija 3115','(044) 958-2092',NULL,NULL),(535,'1','623',' Gapan Maharlika','Gapan Shopping Complex Tinio St., San Vicente Gapan NE','(044) 486-0238',NULL,NULL),(536,'1','624',' Naga - Peñafrancia - 24 Hrs','Peñafrancia St. cor. Panganiban St., Naga City 4400','(054) 811-2228',NULL,NULL),(537,'1','625',' San Fernando - La Union Quezon  - 24h','Dacanay Bldg.,Quezon Ave. San Fernando La Union','(072) 888-0373 / 888-5547',NULL,NULL),(538,'1','626',' La Trinidad Km 5','Km 5, La Trinidad, Benguet 2601','(074) 422-4708',NULL,NULL),(539,'1','627',' Ilagan Maharlika Hiway - 24 Hrs','Maharlika Hiway, Ilagan, Isabela 3300','(078) 622-2280',NULL,NULL),(540,'1','628',' Mabalacat Mcarthur','MCArthur Hiway Poblacion Mabalacat Pampanga','(045) 893-2155',NULL,NULL),(541,'1','629',' Nasugbu J.p. Laurel','J.P. Laurel St., Nasugbu Batangas','(043) 740-1409',NULL,NULL),(542,'1','630','  Maresca Market Mall','Malvar St., Puerto Princesa City','',NULL,NULL),(543,'1','631',' San Fernando - Sindalan','Gamp Bldg., McArthur Hiway, Sindalan San Fdo. Pampanga','(045) 861-0753',NULL,NULL),(544,'1','632',' Tayug Quezon','Quezon Blvd., Tayug, Pangasinan 2445','(075) 572-2576',NULL,NULL),(545,'1','633',' Tuguegarao Delfino - 24 Hrs','Delfino Hotel Bonifacio St., Tuguegarao City','(078) 844-6477',NULL,NULL),(546,'1','634',' Pinamalayan Mabini','Mabini St., Pinamalayan, Oriental Mindoro','(043) 284-4084',NULL,NULL),(547,'1','635',' Sta. Cruz Nat\'l. Hiway','National Hiway, Sta. Cruz Zambales','(047) 831-1831',NULL,NULL),(548,'1','636',' Bulan T. De Castro','Chua Boc Bldg., T. De Castro St., Zone 4 Bulan Sorsogon','(056) 411-1284',NULL,NULL),(549,'1','637',' Munoz D. Delos Santos','D. Delos Santos St., Muñoz, Nueva Ecija','(044) 940-5177',NULL,NULL),(550,'1','638',' San Jose City, Bonifacio - 24 Hrs','Bonifacio St., Brgy. Rafael Rueda, San Jose City 3121','(044) 947-0093',NULL,NULL),(551,'1','639',' Mangaldan Rizal','130 Rizal St., Mangaldan Pangasinan','(075) 513-5683',NULL,NULL),(552,'1','640',' Nabua Hiway I','Hiway I cor. San Isidro St., Nabua 4434 Cam. Sur','(054) 631-1244',NULL,NULL),(553,'1','641',' Robinson Seaport Gate','Seaport Gate, Robinson Starmills, N.E.W., San Fdo. Pamp.','(045) 875-1921',NULL,NULL),(554,'1','642',' Iba Magsaysay','Magsaysay St., Poblacion Iba Zambales','(047) 811-3227',NULL,NULL),(555,'1','643',' Dagupan Perez Blvd. - 24 Hrs','Lioanag Bldg., cor. Perez Blvd. and MH Del Pilar, Dagupan City','(075) 515-5878',NULL,NULL),(556,'1','644',' Floridablanca Macabulos','Makabulos St., Florida Blanca, Pampanga','(045) 970-1048',NULL,NULL),(557,'1','645',' San Fernando La Union Rizal','Rizal St., San Fernando City, La Union','(072) 242-7472',NULL,NULL),(558,'1','646',' Calasiao Public Market','Public Market Poblacion West Calasiao Pangasinan','(075) 517-6417',NULL,NULL),(559,'1','647',' Labo Lukban','Lukban St., Labo Camarines Norte','(054) 447-6268',NULL,NULL),(560,'1','648',' Baguio Abanao - 24 Hrs.','Abanao St., Baguio City 2600','(074) 446-3427 / 442-4148',NULL,NULL),(561,'1','649',' Aparri Rizal','Rizal St., Centro Dose Apari Cagayan','(078) 888-2729',NULL,NULL),(562,'1','650',' Concepcion L. Cortez','L. Cortez St., Concepcion Tarlac','(045) 609-0231',NULL,NULL),(563,'1','651',' Tarlac - F. Tañedo','F. Tañedo St., Tarlac City','(045) 982-5544',NULL,NULL),(564,'1','652',' Angeles Auf Mcarthur - 24 Hrs','McArthur Hiway, Salapungan Angeles City','(045) 887-2700',NULL,NULL),(565,'1','654',' Robinson\'s Arayat Gate','Arayat Gate, Robinson Starmills, N.E.W San Fernando Pamp.','(045) 875-2240',NULL,NULL),(566,'1','655',' Robinson\'s Place Lipa','Robinson\'s Place, Lipa City','(043) 757-3628',NULL,NULL),(567,'1','656',' Legaspi Old Albay','GTS Bldg. Rizal St. Old Albay District Legaspi City','(052) 820-5438',NULL,NULL),(568,'1','657',' Lucena Red V','Red V, Ibabang Dupay, Lucena City','(042) 710-4481',NULL,NULL),(569,'1','658',' Baguio Porta Vaga - 24 Hrs','GM 6 Porta Vaga Bldg Session Road., Baguio City','(074) 446-7415 / 442-4140',NULL,NULL),(570,'1','659',' Talavera Maharlika Diaz','Maharlika Hiway cor. Diaz St., Talavera Nueva Ecija','(044) 951-1599',NULL,NULL),(571,'1','660',' Dagupan A.b. Fernandez East','A.B. Fernandez Ave., East District, Dagupan City','(075) 515-7321',NULL,NULL),(572,'1','661',' Daraga Bu Arcade','Bicol University Arcade, Daraga Bicol','(052) 824-1438',NULL,NULL),(573,'1','662',' Robinson\'s Place Angeles','Robinson\'s Place, McArthur Hiway, Angeles City','(045) 892-5866',NULL,NULL),(574,'1','663',' Dinalupihan Public Market','Dinalupihan Public Market, Nat\'l. Hiway, Dinalupihan Bataan','(047) 481-5388 / 636-1176',NULL,NULL),(575,'1','664',' Puerto Princesa - Malvar San Juan - 2','Alicon Bldg., Malvar St. Puerto Princesa City','(048) 434-8618',NULL,NULL),(576,'1','665',' Tarlac - Romulo','Romulo St., Brgy. Cutcut, Tarlac City','(045)982-5063',NULL,NULL),(577,'1','667',' Rosario Gualberto','Gualberto St., Rosario Batangas','(043) 321-0644 / 45',NULL,NULL),(578,'1','668',' Gapan Tinio','Maharlika Hiway cor. Tinio St., Gapan, Nueva Ecija 3115','(044) 486-7262',NULL,NULL),(579,'1','670',' Dagupan Arellano Bani','Arellano Bani St., Dagupan City','-',NULL,NULL),(580,'1','671',' Tabuk Poblacion','National Road Poblacion Tabuk Kalinga','0908-4643814 / 0908-2905991',NULL,NULL),(581,'1','672',' Angeles Rizal Public Market','Tioseco Bldg., Rizal St., Angeles City','(045) 887-0133',NULL,NULL),(582,'1','673',' Cabanatuan - Circumferencial','Maharlika Highway cor. Circumferencial Road, Cabanatuan City','(044) 464-3959',NULL,NULL),(583,'1','674',' Santiago Maharlika Recto - 24 Hrs','Indudcil Bldg., Maharlika Hiway cor. Recto St., Santiago City','(078) 682-7945 / 682-4303',NULL,NULL),(584,'1','675',' Roxas Public Market','Public Market Magsaysay Ave., Roxas Oriental Mindoro','(043) 288-1760 / 289-2913',NULL,NULL),(585,'1','676',' Tarlac - Santos','F. Tañedo St., cor. C. Santos St., Tarlac City','(045) 982-5236',NULL,NULL),(586,'1','677',' Apalit Public Market','Nunga Bldg., Apalit Public Market, San Vicente Apalit Pamp.','(045) 652-0150 / 879-1519',NULL,NULL),(587,'1','678',' San Juan General Luna','Gen. Luna St., San Juan Batangas','(043) 341-2071 / 575-5127',NULL,NULL),(588,'1','679',' San Pablo Bonifacio','G.V. Vera SA. Bonifacio St., San Pablo City LagunaRed V, Ibabang Dupay, Lucena Cityt., cor. Francisc','(042) 841-1548',NULL,NULL),(589,'1','680',' Naga Avenue Square','Avenue Square Mall, Magsaysay Ave., Balatas, Naga City','(054) 811-6457',NULL,NULL),(590,'1','681',' Nagaland E-mall','Nagaland E-Mall, Peñafrancia cor. P. Diaz Sts., San Fran. Naga City','(054) 811-2324',NULL,NULL),(591,'1','683',' Sablayan M. Papa','M. Papa St., Buenavista, Sablayan Occidental Mindoro','(043) 743-0208; 0917-7171147',NULL,NULL),(592,'1','684',' Gapan Waltermart','Waltermat Bayanihan Gapan City Nueva Ecija','(044) 486-9365',NULL,NULL),(593,'1','685',' Lipa P. Torres','P. Torres St., Lipa City','(043) 757-3628 / 756-5364',NULL,NULL),(594,'1','686',' San Fernando - La Union P. Burgos','Quezon Ave., Cor. P. Burgos St., Brgy. III San Fernando. La Union','(072) 888-5056',NULL,NULL),(595,'1','687',' Batangas Old Public Market','D. Silang St., Old Public Market, Batangas City','(043) 723-9016',NULL,NULL),(596,'1','688',' Dagupan Perez Blvd. Calimlim','Abarabar Bldg., Perez Blvd. Cor. Calimlim St., Dagupan City','(075) 515-8659',NULL,NULL),(597,'1','689',' Batac Public Market','Batac Pub.Market #4 Washington St., Brgy. Nalupta, Batac I.N.','(077) 670-5438',NULL,NULL),(598,'1','690',' Calapan Mabini','Mabini St., Calapan Oriental Mindoro','(043) 288-1328',NULL,NULL),(599,'1','691',' Sto. Domingo Angeles Pampanga','NDJ Apartment, Sto. Rosario St., Sto. Domingo Angeles City Pampanga','(045) 626-2569',NULL,NULL),(600,'1','692',' Boac Marinduque Gov. Damian Reyes','Gov. Damian Reyes St., Murallon Boac Marinduque','(042) 332-2505',NULL,NULL),(601,'1','693',' Dagupan A.b. Fernandez Centro','Sto. Domingo Bldg., A.B. Fernandez Ave., Dagupan City','(075) 515-4806 / 572-8148',NULL,NULL),(602,'1','694',' La Union Agoo Cases Blvd.','Cases Blvd., San Nicolas Norte, Agoo, La Union','(072) 792-1640',NULL,NULL),(603,'1','695',' Puerto Princesa - San Pedro','Olympic Bldg., Nat\'l. Hiway. Bgy. San Pedro P. P. Palawan','(043) 434-1095',NULL,NULL),(604,'1','696',' Tarlac San Roque','McArthur Highway San Roque Tarlac City','(045) 682-4500',NULL,NULL),(605,'1','697',' San Fernando Olongapo - Gapan Road','Olongapo Gapan Road Dolores City of San Fernando Pampanga','(045) 693-3127',NULL,NULL),(606,'1','698',' Pangasinan Villasis Mcarthur Highway','De Guzman Bldg., McArthur Highway Villasis Pangasinan','(075) 564-3547',NULL,NULL),(607,'1','699',' Baliuag Puregold','Puregold Benigno Aquino Ave., Bagong Nayon Baliuag Bulacan','(044) 766-1859',NULL,NULL),(608,'1','700',' Davao Del Sur Davao City Ma-a Road','JRDC Bldg., KM 4 Spring Village Ma-A Davao City DDS','-',NULL,NULL),(609,'1','702',' Cotabato - Orc','Cor. Sinsuat & Gutierrez Aves., Cotabato City (9600)','(064) 421-8080',NULL,NULL),(610,'1','703',' Iloilo - Molo','M.H. Del Pilar St., Molo, Iloilo City','(033) 337-1764',NULL,NULL),(611,'1','704',' Panabo - Nat\'l. Hiway','Nat\'l. Hiway, Panabo Davao del Norte','(084) 628-6108',NULL,NULL),(612,'1','705',' Baybay - Bonifacio','A. Bonifacio St., Baybay, Leyte','(053) 335-3511',NULL,NULL),(613,'1','706',' Bajada','J.P. Laurel Ave., Bajada, Davao City 8000','',NULL,NULL),(614,'1','707',' Iligan Aguinaldo','Aguinaldo St., Poblacion, Iligan City 9200','(063) 223-0149 ; (063) 223-0164',NULL,NULL),(615,'1','708',' Sindangan Quezon','Quezon Ave., Poblacion Sindangan, Zamboanga Del Norte','(065) 224-2412',NULL,NULL),(616,'1','709',' Roxas - Hughes','Hughes Ave., Roxas City','(036) 621-4071',NULL,NULL),(617,'1','710',' Davao - Calinan','Honesto Garcia St., Calinan Davao City (8000)','(062) 984-0745',NULL,NULL),(618,'1','711',' Tagum Nat\'l. Hiway','Nat\'l. Hiway, Tagum City Davao del Norte (8100)','(084) 218-4735',NULL,NULL),(619,'1','712',' Maasin','Juan Luna ST., Tunga-Tunga Maasin, Leyte','(053) 381-3646',NULL,NULL),(620,'1','713',' Kabacan Nat\'l. Hiway','Nat\'l. Hiway, Poblacion Kabacan, North Cotabato','(064) 248-2629',NULL,NULL),(621,'1','714',' Ipil Nat\'l. Hiway','Cor. Nat\'l. Hiway & Quirino St., Ipil, Zamboanga Del Sur','(062) 333-5262',NULL,NULL),(622,'1','715',' Cagayan De Oro - Puerto','National Hiway, Puerto Cagayan de Oro City','(088) 855-6109; (08822) 74-0102',NULL,NULL),(623,'1','716',' Bayugan Nat\'l. Hiway','Nat\'l. Hiway, Poblacion Bayugan, Agusan Del Sur','(085) 830-0445; 343-6988',NULL,NULL),(624,'1','717',' San Francisco - Roxas','Roxas St., Poblacion San Francisco, Agusan Del Sur','(085) 839-3410',NULL,NULL),(625,'1','718',' Tanjay Magallanes','Magallanes St., Nat\'l Hiway Tanjay Neg Oriental','(035) 527-0394',NULL,NULL),(626,'1','719',' Cebu Consolacion Nat\'l. Hiway','Nat\'l. Hiway Cansaga Consolacion Cebu','(032) 423-9342; 564-3354',NULL,NULL),(627,'1','720',' Sagay National Highway','National Highway, Sagay City Negros Occidental','(034) 488-0208',NULL,NULL),(628,'1','721',' Malaybalay - Sebastian','Sebastian St., cor. Nat\'l. Hiway, Malaybalay, Bukidnon','(088) 813-4800',NULL,NULL),(629,'1','722',' Bogo Pub. Mkt. Cebu','Public Market, Bogo Cebu 6010','(032) 251-2523',NULL,NULL),(630,'1','723',' Tandag Nat\'l. Road','Nat\'l. Road, Barrio Poblacion Tandag, Surigao del Sur','(062) 984-0745',NULL,NULL),(631,'1','724',' Ozamis Rizal','Rizal Ave., Ozamis City','(062) 984-0745',NULL,NULL),(632,'1','725',' Calbayog - Magsaysay','Magsaysay cor. Rueda Sts., Calbayog City','(062) 984-0745',NULL,NULL),(633,'1','726',' Iloilo - Passi','Mercado St., Passi City Ilo-Ilo','(033) 311-5927',NULL,NULL),(634,'1','727',' Toledo - Katipunan','Katipunan St., Toledo City','(032) 322-6317',NULL,NULL),(635,'1','728',' Iloilo - Jaro','La Castilla - EL 96 Sts., Jaro Ilo-Ilo City','(033) 329-4127',NULL,NULL),(636,'1','729',' Iligan San Miguel','National Highway, San Miguel Iligan City','(063)223-3324; 223-2580',NULL,NULL),(637,'1','730',' Tagum - Rizal','Pioneer St., Tagum, Davao del Norte (8100)','(084) 217-3318',NULL,NULL),(638,'1','731',' Liloan National Highway','Liloan Nat\'l.Hiway, Pob. Liloan Cebu','(032) 424-6800; 564-2118',NULL,NULL),(639,'1','732',' Cagayan De Oro - Bulua','National Hiway, Bulua Cagayan De Oro','(062) 984-0745',NULL,NULL),(640,'1','733',' San Jose Antique Fornier','Cor. Tobias Fornier & Bantayan Sts., San Jose Antique','(062) 984-0745',NULL,NULL),(641,'1','734',' Butuan Montilla - Lopez Jaena','Montilla Blvd. cor. Lopez Jaena St., Butuan City','(085) 342-6888',NULL,NULL),(642,'1','735',' Tacloban - Real','Real St., Brgy. 34, Tacloban City','(053) 321-4511',NULL,NULL),(643,'1','736',' Bacolod - Lacson','Cor. Lacson - Burgos Sts., Bacolod City Negros Occidental','(062) 984-0745',NULL,NULL),(644,'1','737',' Iligan Tubod','cor. Pres. Macapagal & Don Celdran Ave., Tubod Iligan City','(063) 223-9275; (063) 223-9316',NULL,NULL),(645,'1','738',' Davao - Sasa','Agusan Road, cor. Doña Pilar St., Barrio Sasa Davao City','(082) 235-8437',NULL,NULL),(646,'1','739',' Guiuan Lugay','Lugay St., Guiuan, Eastern Samar','(055) 271-2448',NULL,NULL),(647,'1','740',' Danao - Ralota','Ralota St., Danao City','(032) 200-4533',NULL,NULL),(648,'1','741',' Iloilo - Jaro E. Lopez - 24 Hrs','E. Lopez St., Jaro Ilo-Ilo City','(033) 320-2804',NULL,NULL),(649,'1','742',' Panabo - Quezon','Quezon St., Panabo City Davao Del Norte','(084) 628-8211',NULL,NULL),(650,'1','743',' Zamboanga - San Jose Gusu','San Jose Gusu cor. Suterville Zamboanga City','(062) 983-0079',NULL,NULL),(651,'1','744',' Gaisano Mall Davao','J.P. Laurel Ave., Bajada Davao City','(082) 228-6752',NULL,NULL),(652,'1','745',' Zamboanga - Guiwan','MCLL Highway, Guiwan Zamboanga City','(062) 984-0745',NULL,NULL),(653,'1','746',' Cebu - Talamban','Talamban Highway, Talamban Cebu City','(032) 345-3845',NULL,NULL),(654,'1','747',' Davao Buhangin','Buhangin Road cor. PAG-ASA Homes Subd. Davao City','(082) 241-0577',NULL,NULL),(655,'1','748',' Cebu Minglanilla Poblacion','Poblacion Minglanilla Cebu','(062) 984-0745',NULL,NULL),(656,'1','749',' Iloilo City - Gen. Luna Quezon','Cor. Gen. Luna & Quezon Sts., Ilo-Ilo City','(033) 338-3181',NULL,NULL),(657,'1','750',' Surigao City  Vasquez - Rizal','Cor. Vasquez and Rizal Sts., Surigao City','(086) 826-5250',NULL,NULL),(658,'1','751',' Kalibo - Mabini','Mabini St., Poblacion Kalibo Aklan','(062) 984-0745',NULL,NULL),(659,'1','752',' Ws Catbalogan - Del Rosario','Del Rosario St., Catbalogan Samar','-',NULL,NULL),(660,'1','753',' Dipolog City Rizal Avenue','Rizal Ave., Central Dipolog City','(065) 212-6197',NULL,NULL),(661,'1','754',' Dumaguete - National Hiway','Cor. Nat\'l Hiway & E.J. Blanco Drive Dum. City, Neg Ortl','',NULL,NULL),(662,'1','755',' Carcar San Vicente','San Vicente St., Poblacion I Carcar Cebu','(032) 487-9787',NULL,NULL),(663,'1','756',' Davao Ilustre','Ilustre St., Davao City','(082) 224-2250',NULL,NULL),(664,'1','757',' Davao Buhangin','C.P. Garcia Highway Buhangin Davao City','(082) 241-2025 / (082) 241-2181',NULL,NULL),(665,'1','758',' Bislig City Mangagoy','Abarca St., Mangagoy Bislig City','(086) 853-8898 / (086) 583-8899',NULL,NULL),(666,'1','759',' Escalante City Nat\'l. Hiway','National Hiway Escalante City Negros Occidental','(034) 454-0719',NULL,NULL),(667,'1','760',' Bais City Nat\'l. Hiway','Nat\'l. Hiway Bais City Negros Oriental','(035) 541-5054',NULL,NULL),(668,'1','761',' Davao - Lupon C. Tuballa','C. Tuballa St., Central Lupon Davao Oriental','(087) 808-1437',NULL,NULL),(669,'1','762',' Bayawan Nat\'l. Hiway','Nat\'l. Hiway Tinago Bayawan City','(035) 53-0046',NULL,NULL),(670,'1','763',' Cagayan De Oro City - Gusa','National Highway Gusa, Cagayan De Oro City','(088)-855-2782; (08822)-73-3871',NULL,NULL),(671,'1','764',' Buug Poblacion','National Hiway, Poblacion Buug, Zamboanga Sibugay','(062) 344-8176',NULL,NULL),(672,'1','765',' Cebu City Asia Town It Park','Asiatown IT Park Apas Lahug Cebu City','(032) 416-4292',NULL,NULL),(673,'1','766',' Ilo-ilo City Jaro Tagbak','Tagbak Jaro Ilo-Ilo City','(033) 320-7885',NULL,NULL),(674,'1','767',' Balasan Del Rosario','Del Rosario St., Balasan Ilo-Ilo','(033) 397-0629',NULL,NULL),(675,'1','768',' Gen. Santos City Lagao','Cor. J. Catolico Sr. Ave & San Pedro Sts., Lagao Gen. Santos','(083) 553-8303',NULL,NULL),(676,'1','769',' Tagum City Apokon','Apokon Road Apokon Tagum City Davao','(084) 218-8108',NULL,NULL),(677,'1','770',' Isulan Gallego','National Highway corner Gallego St., Isulan Sultan Kudarat','(064) 471-0273',NULL,NULL),(678,'1','771',' Cebu Talisay City Tabunok N. Balasco','Ralen Bldg., 111 N. Bacalso Ave., Brg. Tabunok Talisay City Cebu','(032) 673-0899',NULL,NULL),(679,'1','772',' Robinson\'s Cybergate Davao','J.P. Laurel Ave., Bajada, Davao City 8000','',NULL,NULL),(680,'1','773',' Tacloban City - Robinson\'s Place','Marasbaras, Tacloban City, Leyte','(053) 323-4736',NULL,NULL),(681,'1','774',' Surigao City Rizal','Rizal St., Washington Surigao City','(086) 826-8046',NULL,NULL),(682,'1','775',' South Cotabato Gen. Santos Robinson\'s','J. Catolico Ave., Lagao Gen. Santos City South Cotabato','(062) 984-0745',NULL,NULL),(683,'1','776',' Zds Pagadian City Gaisano Mall','1st Floor Gaisano Capital Rizal Avenue San Pedro Pagadian City','(062) 215-4286',NULL,NULL),(684,'1','777',' Neg Occ Bacolod City B.s. Aquino Driv','Northpoint Atrium Bldg. B.S. Aquino Drive Villamonte Bacolod City','(034) 433-9104',NULL,NULL),(685,'1','778',' Misamis Oriental - Cdo City Tomas Sac','Tomas Saco 15 Macasandig Cagayan De Oro City','(08822)722290',NULL,NULL),(686,'1','779',' Neg Occ La Carlota City Gurrea','Gurrea St., La Carlota City Negros Occidental','(034) 460-0020',NULL,NULL),(687,'1','780',' Neg Occ Kabankalan City Nat\'l. Hiway','National Highway Brgy. 1 Kabankalan City','(034) 471-3319',NULL,NULL),(688,'1','781',' Aklan Malay Caticlan Jetty Port','Jetty Port Caticlan Malay Aklan','(036) 288-7629',NULL,NULL),(689,'1','782',' Ilo-ilo - Sta. Barbara Bypass Road','Bypass Road Brgy. San Sebastian Sta. Barbara Ilo-Ilo','(033) 333-1983 / (033) 523-4085',NULL,NULL),(690,'1','783',' Leyte Ormoc City Burgos','Norkis Building P. Burgos Street, Ormoc City','(053)255-3156',NULL,NULL),(691,'1','784',' Cebu Lapu-lapu City Basak','M. Patalinghug Jr. Basak Lapu-Lapu City','(032) 268-3598 / (032) 494-4627',NULL,NULL),(692,'1','785',' Cebu Naga City Poblacion','Cebu South National Highway Poblacion Naga Cebu','(032) 273-4558',NULL,NULL),(693,'1','786',' North Cotabato Midsayap Quezon','Quezon Avenue Midsayap Cotabato','(064) 229-9430',NULL,NULL),(694,'1','787',' Davao Del Sur Davao City Cabantian','DR #1-4 DUVI Plug Holdings Bldg., Cabantian Hiway Cor. Country Homes Subd. Buhangin Davao City','(082) 241-1990',NULL,NULL),(695,'1','788',' Davao City Jacinto Ext.','Jacinto Ext. cor. Arellano St. Davao City 8000 Davao del Sur','(082) 227-1374',NULL,NULL),(696,'1','789',' Cagayan De Oro Waling Waling Carmen','Waling Waling St., Carmen Cagayan De Oro City','(088) 858-3423',NULL,NULL),(697,'1','790',' Zds Pagadian City Camp Abelon','Camp Abelon Rizal Avenue Lumbia District Pagadian City','(062) 215-4419',NULL,NULL),(698,'1','791',' South Cotabato Gen. San. City North N','National Highway Dadiangas North General Santos City','(083) 554-3338',NULL,NULL),(699,'1','792',' Bohol Tagbilaran City Clarin','J.A. Clarin St., Tagbilaran City Bihol','(038) 411-3087',NULL,NULL),(700,'1','793',' Cebu Balamban Sanchez','DC Sanchez St., Poblacion Balamban Cebu','(032) 465-0207',NULL,NULL),(701,'1','794',' Davao Del Sur Davao City Catalunan Gr','Skyline Road Catalunan Grande Davao City','(082) 297-4001',NULL,NULL),(702,'1','795',' Zds Zamboanga City Sta. Maria','Main Road Sta. Maria Zamboanga City','(062) 955-0353',NULL,NULL),(703,'1','796',' Zds Zamboanga City Tetuan Veterans Av','Veterans Ave. Tetuan Zamboanga City','(062) 955-0371',NULL,NULL),(704,'1','797',' Ozamis Don Anselmo Bernad','G/F Casa Esperanza, Don Anselmo Bernad Ave., Brgy. Aguada Ozamis City','(088) 564-3454',NULL,NULL),(705,'1','798',' Davao City Abreeza Mall','J.P. Laurel Ave. Davao City 8000 Davao del Sur','(082 ) 285-0787',NULL,NULL),(706,'1','799',' Gen. Santos City - Aparente','Corner Aparente Ave. & Pacheco St., City Heights General Santos City','(083) 554-3338',NULL,NULL),(707,'1','842',' Kalookan - Sangandaan Gen. San Miguel','78 Gen. San Miguel St., Brgy 6 Zone 1 Sangandaan Caloocan City','383-0695',NULL,NULL),(708,'1','900',' Davao Del Sur Davao City - Mabini','Mabini St., cor. Circumferencial Road Dona Vicenta Village Brgy. 10-A Davao City DDS','(082) 295-6114',NULL,NULL),(709,'1','901',' Cebu City Labangon Punta Princesa','F. Llamas St., Punta Princesa Brgy. Labangon Cebu City','(032) 520-6117',NULL,NULL),(710,'1','902',' Misamis Oriental - Tagoloan','National Hiway Poblacion Tagoloan Misamis Oriental','(088) 567-1474 / (0882) 740-713',NULL,NULL),(711,'1','903',' Agusan Del Sur Trento Poblacion','National Hiway Poblacion Trento Agusan Del Sur','(085) 255-2930; (085) 855-2931',NULL,NULL),(712,'1','904',' Misamis Oriental - Cdo Xavier Estates','Blk 1 Lot 1 & 2 Fr. Mastersons Ave., Xavier Estates Brgy. Upper Balulang CDO City Mis. Oriental','(088) 310-8114 / (088) 851-5810',NULL,NULL),(713,'1','905',' Compostela Valley Nabunturan Poblacio','Nat\'l. Hiway Poblacion Nabunturan Compostela Valley','(084) 3760072',NULL,NULL),(714,'1','906',' Cebu - Leon Kilat','Colon St., Cebu City 6000','(032) 255-6295; 254-4381',NULL,NULL),(715,'1','907',' Cebu - Juan Luna','Colon St. cor. Juan Luna St. Cebu City','(032) 253-0513',NULL,NULL),(716,'1','909',' Neg Or Dumaguete City Hibbard Sillima','Silliman Portal West Bldg., Hibbard St. cor. Silliman Ave., Dumaguete City Neg. Or.','(035) 422-1110',NULL,NULL),(717,'1','910',' Bacolod City Sum-ag Araneta','E.Z. Gelisanga Bldg., Araneta St. Brgy. Sum-Ag Bacolod City Neg. Oc.','(034) 444-0007',NULL,NULL),(718,'1','911',' Cagayan De Oro - T. Neri - 24 Hrs','Tirso Neri St., Cagayan De Oro City','(088) 857-4925; (08822) 72-2770',NULL,NULL),(719,'1','913',' Davao - Mcarthur','Osmeña cor. McArthur St., Davao City (8000)','(082) 227-8856',NULL,NULL),(720,'1','914',' Tacloban - Salazar','Salazar St., Tacloban City 6500','(053) 321-2852; 321-8370',NULL,NULL),(721,'1','915',' Davao - San Pedro - 24 Hrs','San Pedro St., Davao City (8000)','(082) 227-9735',NULL,NULL),(722,'1','916',' Iloilo - Valeria','Valeria cor., Delgado St., Iloilo City','(033) 334-0324; 337-7727',NULL,NULL),(723,'1','918',' Davao - Carlson\'s Lapu-lapu','Carlson\'s Bldg., cor Lapu-Lapu & Torres Sts., Davao City','(082) 227-3499',NULL,NULL),(724,'1','919',' Bacolod - Mabini','Mabini St., Bacolod City','(034) 433-3357',NULL,NULL),(725,'1','920',' Zamboanga - Veterans','Veterans Ave., Zamboanga City (7000)','(062) 991-0823',NULL,NULL),(726,'1','921',' Cotabato - Magallanes','Magallanes Ave., Cotabato City (9600)','(064) 421-2932',NULL,NULL),(727,'1','923',' Davao - C.m. Recto','C.M. Recto St., Davao City (8000)','(082) 221-2483; 227-4144',NULL,NULL),(728,'1','924',' Davao City Governor Sales','Gov. Sales St., Davao City','(082) 282-1868',NULL,NULL),(729,'1','927',' Gen. Santos - Acharon','Pedro Acharon Blvd., Gen. Santos City (9500)','(083) 552-4832',NULL,NULL),(730,'1','928',' Tacloban - Burgos','Burgos ST., Tacloban City 6500','(053) 321-2223',NULL,NULL),(731,'1','930',' Bacolod - Araneta','Cor. Araneta & Luzuriaga Sts., Bacolod City','(034) 433-6604',NULL,NULL),(732,'1','932',' Iloilo - Iznart - 24 Hrs','Iznart St., Iloilo City','(033) 335-0037',NULL,NULL),(733,'1','933',' Ormoc - Real','Real St., Ormoc City 6541','(053)255-3156',NULL,NULL),(734,'1','937',' Cebu - Fuente  - 24 Hrs','Fuente-Osmeña Rotonda Cebu City','(032) 255-4187; 255-0078',NULL,NULL),(735,'1','938',' Dumaguete - Colon','Colon St., Dumaguete City 6200','(035) 225-0425',NULL,NULL),(736,'1','939',' Butuan - Curato','Curato St., Butuan City','(085) 815-1855',NULL,NULL),(737,'1','940',' Tagbilaran - C.p. Garcia','C.P. Garcia & Inting Sts.Tagbilaran City','(038) 411-3087',NULL,NULL),(738,'1','942',' Cotabato - Plaza','Magallanes Ave., near Plaza Cotabato City (9600)','(064) 421-3211',NULL,NULL),(739,'1','943',' Tacurong - Ledesma','Ledesma St., Poblacion, Tacurong Sultan Kudarat','(064) 200-3202',NULL,NULL),(740,'1','944',' Catbalogan - Allen','Allen Ave., Catbalogan City 6700','(055) 251-2075',NULL,NULL),(741,'1','945',' Pagadian Rizal','Rizal Ave., Pagadian City','(062) 214-1668',NULL,NULL),(742,'1','946',' Iligan Quezon','Quezon Ave., Iligan City 9200','(063) 221-5126; 223-3798',NULL,NULL),(743,'1','947',' Koronadal - Zulueta','Zulueta St., Koronadal, South Cotabato','(083) 228-5426',NULL,NULL),(744,'1','949',' Talisay - Tabunok','Tabunok Hiway, Talisay Cebu 6045','(032) 272-0119',NULL,NULL),(745,'1','950',' Cagayan De Oro - Carmen M. Suniel','Max Suniel & Castro St., Carmen Pub. Mrkt. Cagayan De Oro','(088) 858-1720; (08822) 72-2878',NULL,NULL),(746,'1','951',' Gen. Santos - Pioneer','Pioneer St., Gen. Santos City (9500)','(083) 552-4169',NULL,NULL),(747,'1','952',' Kalibo - Roxas','Roxas Ave., Kalibo Aklan','(036) 268-5143',NULL,NULL),(748,'1','954',' Roxas - Mckinley','Cor. McKinley, Dewey, Taft St., Roxas City','(036) 621-2008 / 621-5893',NULL,NULL),(749,'1','955',' Iloilo - La Paz','Rizal St., La Paz Iloilo City','(033) 320-1049',NULL,NULL),(750,'1','956',' Iligan Badelles','Cor. F. Badelles & Benito Ong Sts., Iligan City 9200','(063) 221-3219; 223-0566',NULL,NULL),(751,'1','957',' Malaybalay - Fortich','Fortich St., Malaybalay, Bukidnon','(088) 813-4762',NULL,NULL),(752,'1','958',' Valencia - M.l. Quezon','Guillermo Laviña Ave cor M.L.Quezon-Sayre Hway Buk.','(088) 222-2154; (088) 828-0273',NULL,NULL),(753,'1','959',' Cagayan De Oro - Limketkai Complex','Limketkai Shopping Complex, Lapasan, Cagayan De Oro City','(088) 856-2558; (08822) 72-6646; 856-6932',NULL,NULL),(754,'1','960',' Mati - Mabini','Mabini St., Mati Davao Oriental (8200)','(087) 388-3686',NULL,NULL),(755,'1','961',' Koronadal - Alunan','Alunan St., Koronadal, South Cotabato','(083) 228-2638',NULL,NULL),(756,'1','962',' San Carlos - Gustilo','Gustilo St., San Carlos City','(034) 312-5174',NULL,NULL),(757,'1','963',' Digos - Rizal','Rizal St., Digos, Davao del Sur (8002)','(082) 553-2149',NULL,NULL),(758,'1','964',' Iloilo - Mabini','Mabini St., Iloilo City','(033) 337-9512',NULL,NULL),(759,'1','965',' Calbayog - Nijaga','Cor. Nijaga & Gomez Sts., Calbayog City 6710','(055) 209-1173; 209-1819',NULL,NULL),(760,'1','966',' San Jose Antique - Villavert','Gov. Villavert St., San Jose Antique','(036) 540-8048',NULL,NULL),(761,'1','967',' Cagayan De Oro - Osmeña','Osmeña cor. J. Borja St., Cagayan De Oro','(088) 857-5946; (08822) 72-2606',NULL,NULL),(762,'1','968',' Midsayap - Jaycee','Jaycee St., Midsayap North Cotabato','(064) 229-8819',NULL,NULL),(763,'1','969',' Lapu-lapu - G.y. Dela Cerna',' Lapu-lapu - G.y. Dela Cerna','Ms. Jennie Arieta',NULL,NULL),(764,'1','970',' Cotabato - Sinsuat','Sinsuat Ave., Cotabato City (9600)','(064) 421-7701; 421-8570',NULL,NULL),(765,'1','971',' Roxas - Roxas','Roxas Ave., Roxas City','(036) 621-3665',NULL,NULL),(766,'1','972',' Silay - Rizal','Rizal St., Silay City','(034) 495-2720',NULL,NULL),(767,'1','974',' Kidapawan - Lapu-lapu','Lapu-Lapu St. cor Nat\'l. Hiway Kidapawan North Cotabato','(064) 238-1400',NULL,NULL),(768,'1','975',' Butuan - Satorre','Jorge Satorre St., Butuan City','(085) 815-1856',NULL,NULL),(769,'1','976',' Ayala Center Cebu','Archibishop Reyes Ave., Cebu City','(032) 231-5549',NULL,NULL),(770,'1','977',' Dipolog Lacaya','F. Lacaya St., Dipolog City','(065) 212-4796',NULL,NULL),(771,'1','978',' Catarman - Jacinto','Jacinto & Magsaysay Sts., Catarman, Northern Samar','(055) 251-8095',NULL,NULL),(772,'1','979',' Gen. Santos - Santiago','Santiago Blvd., Gen. Santos City (9500)','(083) 553-5662',NULL,NULL),(773,'1','980',' Cadiz - Villena (CLOSE)','Villena St., Cadiz City Negros Occidental','(034) 493-1012',NULL,NULL),(774,'1','981',' Isulan Nat\'l. Hiway','Nat\'l. Hiway, Isulan Sultan Kudarat','(064) 201-3554',NULL,NULL),(775,'1','982',' Davao - Ulas','Cor. Nat\'l. Hiway, Ulas, Davao City (8000)','(082) 296-1852',NULL,NULL),(776,'1','983',' Davao - Matina','Cor. Nat\'l. Hiway & Pangi Rd, Matina Davao City (8000)','(082) 296-2917',NULL,NULL),(777,'1','984',' Pagadian Pajares','Pajares Ave., Pagadian City','(062) 215-3086',NULL,NULL),(778,'1','985','M','','',NULL,NULL),(779,'1','989',' Davao - Toril','Crossing Bayabas cor. Nat\'l. Hiway, Toril Davao City','(082) 291-1014',NULL,NULL),(780,'1','990',' Borongan - Anacta','Nat\'l. Hiway, Brgy. F Borongan, Eastern Samar','(055) 261-2899',NULL,NULL),(781,'1','991',' Kabankalan - Guanzon','Guanzon St., Kabankalan, Negros Occidental','(034) 471-2371',NULL,NULL),(782,'1','992',' Tacloban - Rizal','Rizal St., Tacloban City','(053) 321-7409 ; 321-9088',NULL,NULL),(783,'1','993',' Robinson Place Bacolod','Robinson\'s Place Mandalagan, Bacolod City','(034) 441-0197',NULL,NULL),(784,'1','994',' Maranding Nat\'l. Hiway','National Hiway, Maranding Lala, Lanao Del Norte','(063) 496-0070',NULL,NULL),(785,'1','995',' Tacurong - Bonifacio','A. Bonifacio St., Poblacion, Tacurong Sultan Kudarat','(064) 200-4125',NULL,NULL),(786,'1','996',' Gingoog - Nat\'l. Hiway','Nat\'l. Hiway cor. Don R. Baol St., Misamis Orien.','(088) 861-4575 ; (088) 42-7923',NULL,NULL),(787,'1','997',' Surigao - San Nicolas','San Nicolas St., Surigao City','(086) 826-3563',NULL,NULL),(788,'1','1000',' Quezon City MDC 100','Unit G 16 MDC 100 Bldg., Carlos P. Garcia Ave., (C5) cor. Eastwood Ave., Bagong Bayan Q.C.','990-3261 ; 990-2968 ; 990-4071',NULL,NULL),(789,'1','1001',' Rizal Teresa Magsaysay','Magsaysay Ave., Brgy. San Gabriel Teresa Rizal','661-7332 / (02) 661-7327',NULL,NULL),(790,'1','1002',' Bulacan San Jose Del Monte City Muzon','282 Carriedo St., Brgy. Muzon San Jose Del Monte City Bulacan','(044) 913-0043',NULL,NULL),(791,'1','1003',' Bulacan Puregold Guiginto','Commercial Units 1 & 2, Cagayan Valley Road, Brgy. Sta. Cruz Guiguinto Bulacan','(044) 794-6196 / (044) 794-6259',NULL,NULL),(792,'1','1004',' Q.C. Vazra Visayas Ave.','42 Visayas Ave., Brgy. Vasra Quezon City','961-8014 to 16',NULL,NULL),(793,'1','1005',' Makati Puregold J.p. Rizal Ext.','Comm\'l. Units A-B No. 35 J.P. Rizal Ext. Brgy. Singkamas Makati City','(02) 403-9899',NULL,NULL),(794,'1','1006',' Pasig City Puregold C. Raymundo','Comm\'l. Unit 1 Puregold Bldg., C. Raymundo Ave. cor. F. Legaspi St., Maybunga Pasig City','654-6992 / (02) 654-6993',NULL,NULL),(795,'1','1007',' Caloocan City Puregold Samson','Comm\'l. Unit-B Puregold Kalookan Samson Road Brgy. 76, Kal. City','709-6793',NULL,NULL),(796,'1','1008',' Valenzuela City Puregold Paso De Blas','Lower Ground Floor LG-12 Puregold Paso De Blas Paso De Blas Val. City','961-0571; 961-2757; 961-2825',NULL,NULL),(797,'1','1009',' Navotas City Agora Center','Navotas City Agora Center 318 Northbay Blvd., Brgy. Northbay Blvd., Navotas City','921-3074; 921-3082',NULL,NULL),(798,'1','1010',' Valenzuela City Karuhatan Gen. T. De','Unit 1-3 Permanent Realty Comm\'l. Complex Gen. T. De Leon St., Karuhatan Val. City','376-7583 / (02) 376-7584',NULL,NULL),(799,'1','1011',' Caloocan City Camarin Zapote','2194 Zapote St., cor. Camarin Road, Brgy. Camarin, Kalookan City','961-1620',NULL,NULL),(800,'1','1012',' Las Piñas City Bf Resort','Blk. 4, Lot 3, 12 JB Tan St., BF Resort Village, Brgy. BF International Village Las Pinas City','808-8213; 872-0113',NULL,NULL),(801,'1','1013',' Cavite Dasmariñas City Waltermart','G/F Waltermart Center Dasmarinas Barrio Burol Aguinaldo Hiway Dasmarinas City Cavite','(046) 424-2447',NULL,NULL),(802,'1','1014',' Bulacan San Jose Del Monte City Starm','G/F Comm\'.l Units 42-44 Starmall SJDM Quirino Hiway Brgy. Kaypian SJDM Bul.','(02) 931-2451 / (02) 931-2756',NULL,NULL),(803,'1','1015',' San Juan Greenhills Ortigas Ave.','Blk 21 Lot 14 Ortigas Ave., Greenhills San Juan City','514-5173 / (02) 697-0148',NULL,NULL),(804,'1','1016',' Calamba Waltermart Makiling','G/F Waltermart Center Makiling Brgy. Makiling National Hiway Calamba City Laguna','(049) 530-1178',NULL,NULL),(805,'1','1017',' Muntinlupa City Starmall Alabang','U/G Level Starmall Alabang SSHW Alabang Munt. City','804-1675 / (02) 822-5915',NULL,NULL),(806,'1','1018',' Valenzuela City One Zentrum Place','G/F One Zentrum Place, 618 McArthur Highway, Brgy. Malanday Valenzuela City','277-2146; 278-8027',NULL,NULL),(807,'1','1019',' Q.C. Fairview Dahlia','G/F NSPC Bldg. #1 Flat St. cor. Dahlia Ave., Fairview Quezon City','376-7172; 376-6706; 376-6810',NULL,NULL),(808,'1','1020',' Caloocan City Kaybiga Gen. Luis','13 General Luis St., Brgy. Kaybiga, Kalookan City','983-0091; 983-0063',NULL,NULL),(809,'1','1021',' Makati City Legaspi Village Salcedo','G/F Kalayan Bldg., cor. Salcedo & Dela Rosa Sts., Legaspi Village Makati City','553-8467; 553-8453',NULL,NULL),(810,'1','1022',' Q.C. Puregold Balintawak','Comm\'l. Unit #1, Puregold Balintawak, EDSA Brgy. Apolonio Samson, QC','361-0376',NULL,NULL),(811,'1','1023',' Las Piñas City Pilar Vilage','','',NULL,NULL),(812,'1','1024',' Las Piñas City Talon Singko','ETBT Bldg., Marcos Alvarez Ave., Brgy. Talon Singko Las Pinas City','403-7029; 403-6316',NULL,NULL),(813,'1','1025',' Muntinlupa City Bayanan Bautista','National Road Cor. Bautista St., Brgy. Bayanan Muntinlupa City','550-2314; 550-2781; 550-1990',NULL,NULL),(814,'1','1026',' Parañaque City Waltermart Sucat','G/F Waltermart Sucat Brgy. San Isidro Dr. A. Santos Ave. (Sucat Road) Paranaque City','804-1115',NULL,NULL),(815,'1','1027',' Manila Binondo Lucky Chinatown Mall','G/F Unit LCTM 20-B Lucky China Town Mall Reina Regente St., Binondo Manila','(02) 708-9695 / (02) 708-9715',NULL,NULL),(816,'1','1028',' QC Novaliches Gulod','Along Quirino Highway, Near Forest Hill Subd. Brgy. Gulod, Novaliches Quezon City','(02) 2937769 / (02) 2937582',NULL,NULL),(817,'1','1029',' Sta. Rosa National Highway Balibago','Km. 39 National Highway Brgy. Balibago Sta. Rosa City Laguna','(049) 530-0520 / (049) 530-0566',NULL,NULL),(818,'1','1030',' Rizal San Mateo Guitnang Bayan','G/F BSD Primegates Center 105 Gen. Luna St. Brgy. Guitnang Bayan I San Mateo Rizal','(02) 451-1665 / (02) 570-3955',NULL,NULL),(819,'1','1031',' Manila Taft Estrada','D Student Place Bldg., Taft Ave. cor. Estrada St., Brgy. 728 Zone 079 Malate, City of Manila','(02) 254-0063',NULL,NULL),(820,'1','1033',' Q.C. San Antonio Roosevelt','345 Roosevelt Ave. Cor. San Antonio Brgy. Katipunan Quezon City','376-0145; 376-0865; 332-1229',NULL,NULL),(821,'1','1034',' Bulacan Guiguinto Waltermart Center','G/F Waltermart Center Guiguinto McArthur Hiway Brgy. Ilang-Ilang Guiguinto Bul.','(044) 794-2390; 794-2400; 794-2402',NULL,NULL),(822,'1','1036',' Q.C. Robinson\'s Magnolia','Lower G/F-009 Robinson\'s Magnolia Aurora Blvd. cor. Dona M. Hemady Ave. Brgy. Kaunlaran Quezon City','(02) 961-5292 / (02) 961-5347',NULL,NULL),(823,'1','1037',' Cavite Imus Puregold Anabu','Comm\'l. Units Nos. 10-11 & Comm\'l. Units Nos. 27 -28 Puregold Anabu Gen. Emilio Aguinaldo Highway B','(046) 471-0337 / (046) 471-0451',NULL,NULL),(824,'1','1038',' Laguna Cabuyao Banlic','National Highway Brgy. Banlic Cabuyao City Laguna','(049) 530-8042 / (049) 530-8053',NULL,NULL),(825,'1','1039',' Cavite Imus City The District','G/F Unit 163A The District Imus Daang Hari Road cor. Gen. Emilio Aguinaldo Highway Brgy. Anabu 2D Im','(046) 416-1977 / (046) 417-1765',NULL,NULL),(826,'1','1040',' Pasay City San Rafael','235 EDSA Ext. cor. Loring St., Brgy. 80 San Rafael Pasay City','551-4427 / (02) 551-7254 / (02) 551-7255',NULL,NULL),(827,'1','1041',' Waltermart Trece Martires','G/F Waltermart Center Trece Martires Governor\'s Drive cor. City Hall Road Brgy. San Agustin Trece Ma','(046) 443-2096 / (046) 443-2097',NULL,NULL),(828,'1','1042',' Binan City National Highway San Vicen','347 National Highway cor. P. Burgos St., Brgy. San Vicente Binan City Laguna','(049) 511-4351',NULL,NULL),(829,'1','1043',' Cavite Gen. Trias Poblacion','No. 77 Prinza St., Brgy. Poblacion General Trias Cavite','(046) 437-0524 ; 437-0380',NULL,NULL),(830,'1','1044',' - Mandaluyong City Poblacion','183 Rt. Rev. G. Aglipay St. Cor. A. Luna St., Brgy. Poblacion, Mandaluyong City','(02) 477-1753 / (02) 477-1754',NULL,NULL),(831,'1','1045',' Parañaque City Waltermart Center Bicu','G/F Waltermart Center Bicutan KM. 16 Manalac Ave. Cor. East Service Road Brgy. San Martin de Porres','828-1494 ; 828-2102 ; 828-6982',NULL,NULL),(832,'1','1046',' Malabon City - Potrero','33 McArthur Highway, Brgy. Potrero Malabon City','351-4644 / (02) 361-0408 / (02) 361-2093',NULL,NULL),(833,'1','1047',' Puregold Sta. Rosa Tagapo','Comm\'l. Unit Nos. 15, 16 & 17, Puregold Tagapo, Brgy. Tagapo Sta. Rosa City Laguna','(049) 530-0916 / (049) 530-0938',NULL,NULL),(834,'1','1048',' Antipolo City Mayamot Vermont Park','Units 1& 2 G/F Park Place Center Bldg. Marcos Highway Cor. Vermont Park Vermont Executive Village Br','646-1001 ; 646-1047',NULL,NULL),(835,'1','1049',' Cavite Silang Premier Plaza','G/F Premier Plaza, Gen. Emilio Aguinaldo Highway Brgy. Luksuhin, Silang Cavite','(046) 443-9204 / (046) 443-9206',NULL,NULL),(836,'1','1050',' Bulacan Norzagaray Poblacion','Prince Ken Bldg. I Gen. Alejo G. Santos Highway, Poblacion Norzagaray Bulacan','(044) 815-0658 / (044) 815-4798',NULL,NULL),(837,'1','1051',' Q.C. Siena Del Monte','128 Del Monte Ave. Cor. Biak na Bato St., Brgy. Siena Quezon City','(02) 711-1152 / (02) 711-1194',NULL,NULL),(838,'1','1052',' Antipolo City Mayamot Rikland Center','Unit Nos. 1 & 2, Rikland Centre Marcos Highway Brgy. Mayamot Antipolo City','6466986 / (02) 6467134 / (02) 6467241',NULL,NULL),(839,'1','1053',' Makati City Bel-air','Bel-Air Park III, Hydra St., Brgy. Bel-Air Makati City','895-4011 Loc. 123 / (02) 823-7656',NULL,NULL),(840,'1','1054',' Makati City Magallanes Chino Roces Ex','2283 Chino Roces Ext. Brgy. Magallanes Makati City','(02) 551-5871 / (02) 551-9454',NULL,NULL),(841,'1','1055',' Laguna Calauan Masiit','National Road Brgy. Masiit Calauan Laguna','(049) 503-1526 / (049) 503-1564',NULL,NULL),(842,'1','1056',' Manila Ermita Roxas Blvd.','G/F Unit 102 VIP Bldg., Roxas Blvd. cor. Nuestra Senora De Guia Ermita Manila','(02) 524-0605 / (02) 524-0608 / (02) 524-0609',NULL,NULL),(843,'1','1058',' Las Piñas City Evia North Daang Hari','Evia Vista City Daang Hari Road, Brgy. Almanza Dos Las Pinas City','5564679 / (02) 5564686 / (02) 5564696',NULL,NULL),(844,'1','1059',' Laguna Los Banos Plaza Agapita','Plaza Agapita Lopez Ave. Brgy. Batong Malake Los Banos Laguna','(049) 5011354 / (049) 5011364 / (049) 5011365',NULL,NULL),(845,'1','1060',' Laguna Cabuyao City Waltermart','Waltermart Cabuyao Km. 47 National Highway Brgy. Banlic Cabuyao City Laguna','(049) 530-3186 / (049) 543-0155',NULL,NULL),(846,'1','1061',' Rizal Cainta Ck Square','CK Square, Ortigas Ave. Ext., Brgy. San Juan, Cainta, Rizal','(02) 477-8232 / (02) 477-8406 / (02) 632-7758',NULL,NULL),(847,'1','1062',' Laguna Binan City Southwoods Ecocentr','Block 4 Lot 4 Manila Southwoods Ecocentrum Business Park Binan City Laguna','(049) 576-7964 / (049) 576-7966 / (049) 576-7971',NULL,NULL),(848,'1','1063',' Marikina City Barangka','77 A. Bonifacio St., Barangka Marikina City','6320832',NULL,NULL),(849,'1','1064',' Bulacan Pulilan Sto. Cristo','Dona Remedios Trinidad Highway, Brgy. Sto. Cristo Pulilan Bulacan','(044) 815-8660 / (044) 815-8750 / (044) 815-8783',NULL,NULL),(850,'1','1065',' Q.C. Maharlika Ns Amoranto','NS Amoranto Avenue cor. Speaker Perez St., Brgy. Maharlika Sta. Mesa Heights Quezon City','2410329 / (02) 2410331 / (02) 2410332',NULL,NULL),(851,'1','1066',' Q.C. Fairview Terraces','L08, Lower G/F, Fairview Terraces, Ayala Mall, Quirino Highway cor. Maligaya Drive Brgy. Pasong Puti','(02) 355-0696 / (02) 355-0742',NULL,NULL),(852,'1','1067',' Rizal Tanay Puregold Plaza Aldea','Puregold Supermarket Sampaloc Road Brgy. Plaza Aldea Tanay Rizal','531-5150 / (02) 531-5152 / (2) 531-5153',NULL,NULL),(853,'1','1068',' Valenzuela City Marulas Mcarthur','Km. 12 McArthur Highway cor. Cordero St., Brgy. Marulas Valenzuela City','352-8376 / (02) 352-8378 / (02) 352-8403',NULL,NULL),(854,'1','1070',' Rizal Binangonan Em Complex','EM Complex Manila East Road Brgy. Pantok Binangonan Rizal','650-6042 / (02) 650-6048 / (02) 650-6051',NULL,NULL),(855,'1','1071',' Cavite Alfonso Poblacion','Mabini St., Brgy. 2 Poblacion, Alfonso, Cavite','(046) 443-9561; 443-9562; 443-9564',NULL,NULL),(856,'1','1072',' Bulacan Meycauayan City Ema Town Cent','#100 El Camino Real Road cor. Pacific St., Brgy. Camalig, EMA Town Center, Meycauayan City, Bulacan','(044) 769-6383 / (044) 769-6349 / (044) 769-6320',NULL,NULL),(857,'1','1073',' Makati City Dela Rosa Car Park 1','3rd Level Dela Rosa Car Park 1 Legaspi Village Makati City','556-1062; 804-1108',NULL,NULL),(858,'1','1074',' Pasig Estancia Mall Capitol Commons','Unit B1-016 & B1-017 Shaw Boulevard Corner Meralco Avenue, Oranbo, Pasig City','632-1711; 632-1490; 632-1707',NULL,NULL),(859,'1','1075',' Taguig City Western Bicutan Bayani Ro','Lot 18 & 19, Blk. 87, Phase 5, AFPOVAI, Bayani Rd., Brgy. Western Bicutan, Taguig City','',NULL,NULL),(860,'1','1076',' Laguna Sta. Rosa Crosstown Mall','Sta Rosa-Tagaytay Road Brgy. Pulong Sta. Cruz Sta Rosa City Laguna','(049) 8275126 / (049) 8275413 / (049) 8275415',NULL,NULL),(861,'1','1077',' Laguna Pila Sta. Clara Norte','J.P. Rizal St. Brgy. Sta. Clara Norte Pila Laguna','(049) 523-3492 / (049) 523-3494 / (049) 523-3500',NULL,NULL),(862,'1','1078',' Obando Pag-asa','234 J.P. Rizal St. Pag-asa Obando 3021 Bulacan','(02) 8-931-2756 / (02) 8-332-3589',NULL,NULL),(863,'1','1079',' Manila Tondo Plaza Hernandez','#1157 Plaza Hernandez St., Brgy. 4, Tondo, City of Manila','561-8171; 561-8249',NULL,NULL),(864,'1','1080','Laguna Cabuyao City Sala','National Highway cor. Bailon St., Brgy. Sala, Cabuyao City, Laguna','(049) 544-0073 / (049) 544-0074 / (049) 544-0076',NULL,NULL),(865,'1','1081',' Quezon City Visayas Ave.','MSK Bldg., 388 Visayas Ave., Brgy. Tandang Sora, District VI, Quezon City','(02) 4424268 / (02) 4424290',NULL,NULL),(866,'1','1082',' Las Piñas Robinson\'s Place','Unit G-01 to G-05, G/F, Robinsons Place Las Pinas 345 Alabang Zapote Road, Brgy. Talon Uno, Las Pinas','',NULL,NULL),(867,'1','1083',' Makati City Ayala Center Park Square','Space 3 & 4, G/F, Park Square Bldg., A. Arnaiz Ave., Brgy. San Lorenzo, Makati City','(02) 897-7362',NULL,NULL),(868,'1','1084',' Rizal Cainta Q. Plaza Promenade','Space No. GS 7,8 & 9, Q Plaza Commercial Center Promenade, Felix Avenue, Barangay San Isidro, Cainta','(02) 941-0431 / (02) 941-0417',NULL,NULL),(869,'1','1085',' Makati City Ayala Avenue','Makati City Ayala Avenue','',NULL,NULL),(870,'1','1087',' Q.C. Fisher Mall','LGF-L1B, Fisher Mall, #325 Quezon Avenue Corner Roosevelt Avenue, Brgy. Sta. Cruz, Quezon City','931-9840; 931-9841',NULL,NULL),(871,'1','1088',' Quezon City Diliman Matalino','Corner Kalayaan and Matalino St., Barangay Central District IV, Quezon City','',NULL,NULL),(872,'1','1089',' Quezon City Prima Residences','Corner Kalayaan and Matalino St., Barangay Central District IV, Quezon City','(02) 714-2667 / (02) 714-2672',NULL,NULL),(873,'1','1090',' Cavite Rosario Epza','HBC Bldg KM 30 Gen Trias Drive Brgy Tejeros Convention Rosario Cavite','',NULL,NULL),(874,'1','1091',' Manila Sta. Cruz Oroquieta San Lazaro','#1709 Oroquieta St., Cor. San Lazaro St., Brgy. 337, Zone 34, District III, Sta. Cruz, Manila','(02) 714-2123 / (02) 714-2126',NULL,NULL),(875,'1','1092',' Malolos City Sumapang Matanda','G/F, SRDCDC Building, Mc Arthur Highway, Sumapang Matanda, Malolos City, Bulacan','(044) 794-9186 / (044) 794-9334 / (044) 794-9335',NULL,NULL),(876,'1','1093',' Makati City Edsa Danlig','Blk. 1 Lot 1 and 2, EDSA cor. Danlig St., Brgy. Pinagkaisahan, Makati City','834-9884; 834-9885',NULL,NULL),(877,'1','1094',' Caloocan City Bankers Village','Lot 11 Block 2, Quirino Highway, Bankers Village II, Brgy. 184, Caloocan City','236-0957 / (02) 294-9218 / (02) 332-2808',NULL,NULL),(878,'1','1095',' Pasay Blue Bay Walk Edsa Extn.','Building K: Unit 102 Bluebay Walk, Metropolitan Ave., Bay Area CBD, Barangay 076, Pasay City','',NULL,NULL),(879,'1','1096',' Pasig City San Antonio','G/F, EMS Building, No. 23 Shaw Boulevard Cor. Gen. Roxas St., Antonio Village, Brgy. San Antonio, Pa','',NULL,NULL),(880,'1','1097',' Manila Sta. Cruz Tayuman Lrt','Manila Sta. Cruz Tayuman Lrt1830 Rizal Ave., Cor. Tayuman St., Brgy. 336 Zone 34, Sta. Cruz, Manila','714-9817; 714-9669',NULL,NULL),(881,'1','1098',' Manila Tondo Dragon 8 Shopping Center','S1-S2, G/F, Dragon 8 Shopping Center, Dagupan St., Cor. Claro M. Recto Avenue, Tondo, Manila','241-8089; 241-8100; 241-8102',NULL,NULL),(882,'1','1099',' Tagaytay City Ayala Malls Serin','1/F Space #15-16 Ayala Malls Serin Brgy Silang Crossing East Tagaytay City Cavite','(046) 410-5733 to 35',NULL,NULL),(883,'1','1100',' Calamba City Uno J. P. Rizal','54 J.P. Rizal St. Uno Calamba City 4027 Laguna','',NULL,NULL),(884,'1','1102',' Valenzuela City Malanday McArthur Hwa','Km 17, McArthur Hway Malanday Valenzuela City 1444 Metro Manila','(02) 8-366 4080 / (02) 8-927 5614 / (02) 8-426 68',NULL,NULL),(885,'1','1103',' Moonwalk Parañaque','15413 E. Rodriguez Avenue, Parañaque City','',NULL,NULL),(886,'1','1104',' - Makati City Centuria Medical Makati','Centuria Medical Makati Century City Kalayaan Ave. cor. Salamanca St. Poblacion Makati City 1210 Metro Manila','(02) 985-5362 / (02) 985-5371 / (02) 985-5390',NULL,NULL),(887,'1','1105',' Manila One Quiapo Hotel Arcade','One Quiapo Hotel Arcade 570-582 Quezon Blvd. Quiapo Manila 1001 Metro Manila','(02) 8-242 1428 / (02) 8-242 1429',NULL,NULL),(888,'1','1106',' Sta. Rosa City Waltermart Bel Air','Waltermart Sta. Rosa Bel Air Tagaytay Rd. Pulong Sta. Cruz Sta. Rosa City 4026 Laguna','(049) 544-6441 / (049) 544-6442 / (049) 544-6443',NULL,NULL),(889,'1','1107',' - Dasmariñas City Don Placido Campos','Prime Bldg Don Placido Campos Avenue Zone 4 Dasmariñas Cavite','',NULL,NULL),(890,'1','1108',' Trinoma Landmark Annex','Trinoma Landmark Annex','',NULL,NULL),(891,'1','1109',' Valenzuela Town Center','Valenzuela Town Center McArthur Hway Karuhatan Valenzuela City 1441 Metro Manila','(02) 285-3516',NULL,NULL),(892,'1','1110',' Naic Ibayo Silangan','Gov\'s Drive, Ibayo Silangan, Naic, Cavite','',NULL,NULL),(893,'1','1111',' Cavite City Caridad','1030 J. Felipe Blvd. Brgy. 17 (Kalapati), Caridad Cavite City 4100 Cavite','(046) 434 1464 / (046) 434 2269',NULL,NULL),(894,'1','1112',' Waltermart Carmona','Waltermart Carmona Governor\'s Drive, Mabuhay, Carmona 4116, Cavite','',NULL,NULL),(895,'1','1113',' Muntinlupa City Tierra Nueva Comm\'l','Estrelita Center Bldg. II Tierra Nueva Comm\'l Complex, Alabang-Zapote Rd. Cupang Muntinlupa City','(02) 804-5102 / (02) 804-5103',NULL,NULL),(896,'1','1114',' UP Town Center','U.P. Town Center Katipunan Ave. U.P. Campus Quezon City','2835860/2835861',NULL,NULL),(897,'1','1115',' Caloocan Vicas','People\'s Place Bldg., Camarin Rd., Urduja Village, Vicas, Caloocan City','',NULL,NULL),(898,'1','1116',' Marikina City Concepcion Dos Lilac','G/F Jemrecs Bldg 42 Lilac St Hacienda Heights V Concepcion Dos NCR','(02) 534-1933 / (02) 534-1935',NULL,NULL),(899,'1','1117',' Sikatuna Village','Sikatuna Village, Quezon City','',NULL,NULL),(900,'1','1118',' Plaridel Tabang','Cagayan Valley Rd. Tabang Plaridel','',NULL,NULL),(901,'1','1119',' Pasig City Ayala Malls The 30th','Ayala Malls The 30th Meralco Ave. Ugong Pasig City 1604 Metro Manila','(02) 8-634 8513 / (02) 8-721 1604 / (02) 8-634 737',NULL,NULL),(902,'1','1120',' Villar Sipag','C5 Extension Road, Las Piñas City, Metro Manila, NCR - National Capital Region','',NULL,NULL),(903,'1','1121',' Liliw','Liliw, Laguna','',NULL,NULL),(904,'1','1122',' Sta. Maria Bypass Road','Bypass Road, Sta. Clara, Sta. Maria, Bulacan','',NULL,NULL),(905,'1','1123',' Plaza Cecilia','Plaza Cecilia, M. Villarica Rd., Sta Rosa, Marilao, Bulacan','',NULL,NULL),(906,'1','1124',' San Miguel Poblacion Tecson','Tecson Street, Brgy. Poblacion, San Miguel, Bulacan','(044) 760-0100',NULL,NULL),(907,'1','1125','  Paligsahan','1180 Quezon Avenue, Brgy. Paligsahan, District IV, Quezon City','',NULL,NULL),(908,'1','1126',' Unimart Greenhills Shopping Center','Unimart, Greenhills Shopping Center, Ortigas Avenue, Greenhills, San Juan City','',NULL,NULL),(909,'1','1127',' Buhay Na Tubig','Buhay na Tubig Bacoor Cavite','',NULL,NULL),(910,'1','1128','  Paseo De Amadeo','Amadeo, Cavite','',NULL,NULL),(911,'1','1129',' Mendez Galicia','J. P. Rizal Street, Galicia II, Mendez, Cavite','',NULL,NULL),(912,'1','1130',' Banay-Banay','','',NULL,NULL),(913,'1','1132',' Waltermart Taytay','Ortigas Ave., San Isidro, Taytay, Rizal','',NULL,NULL),(914,'1','1133',' San Juan City Greenhills Shopping Cen','McKinley Arcade, Greenhills Shopping Ctr Ortigas Ave. Greenhills San Juan City 1502 Metro Manila','(02) 8-359 2951 / (02) 8-359 2956',NULL,NULL),(915,'1','1134',' The Currency Condo','Julia Vargas Ave. Corner Emerald and Garnet Road Pasig City','',NULL,NULL),(916,'1','1136',' Ayala Southpark Mall','Ayala Southpark Mall, Alabang, Muntinlupa','',NULL,NULL),(917,'1','1137',' Manila Sampaloc España Blvd.','2202 España Blvd. Brgy. 530, Zone 50, Sampaloc Manila 1008 Metro Manila','(02) 8-230 2378 / (02) 8-230 2341 / (02) 8-230 245',NULL,NULL),(918,'1','1138',' Manila Tondo Balut','2518 Rodriguez St. Tondo Manila 1013 Metro Manila','(02) 8-253 0922 / (02) 8-253 0924',NULL,NULL),(919,'1','1139','  Imall Camarin','Imall Kiko Road, Camarin, Caloocan City','',NULL,NULL),(920,'1','1142',' V-Central','Centennial Road Magdalo, Putol, Kawit, Cavite','',NULL,NULL),(921,'1','1144',' Sta Lucia Ortigas Pasig','Sta Lucia Pasig City','',NULL,NULL),(922,'1','1147',' Holy Spirit','Holy Spirit Commonwealth','',NULL,NULL),(923,'1','1148',' Ayala Malls Marikina','Ayala Malls Marikina Liwasang Kalayaan Rd. Marikina Heights','(02) 8-634 2261 / (02) 8-634 3327 / (02) 8-632 194',NULL,NULL),(924,'1','1150',' Navotas City Daanghari','LCSantos Bldg. 1208 M. Naval St. Daanghari','(02) 8354 3935 / (02) 8364 5019 / (02) 8363 4001',NULL,NULL),(925,'1','1151',' Makati City Bel-Air Hercules','Makati 2 Hercules St., cor. Makati Ave. Bel-Air Makati City 1209 Metro Manila','(02) 8425 6947',NULL,NULL),(926,'1','1152',' Pasig Ayala Malls Feliz','Marcos Highway cor. A. Rodriguez Ave. Dela Paz Pasig City 1600 Metro Manila','(02) 8-638 8797 / (02) 8-638 7945 / (02) 8-638 836',NULL,NULL),(927,'1','1154',' Valenzuela City Gateway Complex','Valenzuela Gateway Complex Paso de Blas Rd. Paso de Blas Valenzuela City 1442 Metro Manila','(02) 8-244 5930 / (02) 8-244 5936 / (02) 8-244 593',NULL,NULL),(928,'1','1156',' Mandaluyong City Barangka Ibaba','RJFran Bldg. E. Pantaleon St. cor. Barangka Drive Ext. Barangka Ibaba Mandaluyong City 1554 Metro Manila','(02) 8-252 5962',NULL,NULL),(929,'1','1157',' Antipolo City Xentro Mall','Xentro Mall Antipolo Sumulong Highway Mambugan Antipolo City 1870 Rizal','(02) 8-293 4375 / (02) 8-293 4377 / (02) 8-293 43',NULL,NULL),(930,'1','1158',' Pasay City W Mall Macapagal','W Mall Diosdado Macapagal cor. Coral Way Brgy. 76, Zone 10 Pasay City 1300 Metro Manila','(02) 8-851 8627 / (02) 8-851 8946',NULL,NULL),(931,'1','1159',' Mandaluyong City High Pointe Medical','High Pointe Medical Hub Shaw Blvd. cor. M. Yulo St. Bagong Silang Mandaluyong City 1552 Metro Manila','(02) 8-241 9163 / (02) 8-241 9165 / (02) 8-241 916',NULL,NULL),(932,'1','1160','  Cabuyao Waltermart','Waltermart Cabuyao Banlic, Laguna','',NULL,NULL),(933,'1','1162',' Taguig City Tuscany McKinley Rd.','Bldg. 5, Tuscany Private Estates Upper McKinley Rd. McKinley Hill, Pinagsama Taguig City 1634 Metro Manila','',NULL,NULL),(934,'1','1163',' Landmark Festival Mall','Landmark Festival Mall, Alabang, Muntinlupa','',NULL,NULL),(935,'1','1164',' Q. C. Corinthians Garden Clubhouse','Corinthian Gardens Clubhouse Don Vicente Madrigal Ave. Corinthian Gardens,Ugong Norte Quezon City 1110 Metro Manila','(02) 8-913 4603 / (02) 8-913 4353',NULL,NULL),(936,'1','1166',' Imus City Malagasang II-A','Malagasang Rd. Malagasang II-A Imus City 4103 Cavite','',NULL,NULL),(937,'1','1168',' Malabon City Fisher Mall','Fisher Mall Malabon C-4 Rd. cor. Dagat-Dagatan Ave. Longos Malabon City 1472 Metro Manila','(02) 8-240 1370 / (02) 8-240 1373',NULL,NULL),(938,'1','1169',' Makati City Ayala Malls Circuit','Ayala Malls Circuit, Circuit Makati A.P. Reyes Ave. Carmona Makati City 1207 Metro Manila','(02) 8-478 5571 / (02) 8-478 5579',NULL,NULL),(939,'1','1170',' Parañaque City Better Living Argentin','PTC Building 24 Argentina St. cor. Doña Soledad Ave. Don Bosco Paranaque City 1711 Metro Manila','(02) 8-332-1575',NULL,NULL),(940,'1','1171',' San Juan City Santolan Town Plaza','Santolan Town Plaza Santolan Rd. Little Baguio','',NULL,NULL),(941,'1','1174',' Sta. Rosa Ayala Mall Solenad','Building 2, Solenad 2 Nuvali, Santa Rosa, 4026 Laguna','(049) 530 0155',NULL,NULL),(942,'1','1184',' Dasmariñas City DLSU Medical Center','Medical Arts Center, DLSMHSI Gov. D. Mangubat Ave. Zone IV Dasmarinas City 4114 Cavite','(046) 471 1637 / (046) 471 1366 / (046) 471 1453',NULL,NULL),(943,'1','2002',' Ilo-ilo City Plaza Libertad','J.M. Basa St., Cor. J.P. Rizal St., Plaza Libertad Ilo-Ilo, Ilo-Ilo City','(033) 336-3789',NULL,NULL),(944,'1','2003',' Ilo-ilo - Guimbal Rizal','Rizal St., Brgy. Rizal Guimbal Ilo-Ilo','(033) 315-5734',NULL,NULL),(945,'1','2004',' Negros Occidental Talisay City Mabini','E. Lizares Bldg. Mabini St., Brgy. Zone 4A, Talisay City Neg. Oc.','(034 ) 441-0224',NULL,NULL),(946,'1','2005',' Cebu Mandaue City Basak Fatima','Mandaue National Hiway Brgy. Basak Fatima Mandaue City Cebu','(032) 236-01-30',NULL,NULL),(947,'1','2006',' Misamis Oriental Cdo City Centrio Aya','CM Recto Ave. cor. Corrales St., Brgy. 24 CDO City Mis. Or.','(088) 323-2338 / (088) 309-8874',NULL,NULL),(948,'1','2007',' Davao Del Norte Tagum City Gaisano Ma','Gaisano Mall Nat\'l. Hiway Briz Dist. Magugpo East Tagum City Davao Del Norte','(084) 655-00-05',NULL,NULL),(949,'1','2008',' Surallah Alah Valley Drive South Cota','Allah Valley Drive Zone 5 Brgy. Libertad Surallah South Cotabato','(083) 238-3912',NULL,NULL),(950,'1','2009',' Sultan Kudarat Tacurong City Alunan H','Alunan Hiway Brgy. Poblacion Tacurong City Sultan Kudarat','(064) 477-0525',NULL,NULL),(951,'1','2010',' Southern Leyte Sogod Poblacion','Regis St. Poblacion Sogod Southern Leyte','(053) 382-2059',NULL,NULL),(952,'1','2011',' Capiz Roxas City San Roque Ext.','Berfue East Bldg. San Roque Extension Brgy. Poblacion VIII, Roxas City Capiz','(036) / (036) 620-0228',NULL,NULL),(953,'1','2012',' Davao Del Sur Davao City Quimpo-ecowe','Quimpo Blvd. cor. Ecowest Drive Brgy. 76-A Davao City DDS','(082) 285-2260',NULL,NULL),(954,'1','2013',' Koronadal City Gen Santos Drive','Gen. Santos Drive Brgy. Zone IV Koronadal City South Cotabato','(083) 228-7925 / (083) 520-0144',NULL,NULL),(955,'1','2014',' Leyte Tacloban City Sagkahan','Richcon Bldg. Real cor. Kalipayan Sts., Brgy. Sagkahan Tac. City Leyte','(053) 325-2852',NULL,NULL),(956,'1','2015',' Negros Oriental Dumaguete City Calind','Manhattan Suites Bldg. Perdices St. Brgy. Calindagan Dumaguete City Neg. Or.','(035) 522-1331',NULL,NULL),(957,'1','2016',' Koronadal City Gen Santos Drive Arell','GenSan Drive cor. Arellano St. Brgy. Zone III Koronadal City South Cotabato','(083) 878-0040',NULL,NULL),(958,'1','2017',' Agusan Del Norte Cabadbaran City Nati','Nat\'l. Highway Brgy.12 Cabadbaran City Agusan Del Norte','(085) 818-2323 / (085) 343-1141',NULL,NULL),(959,'1','2018',' Neg. Occ. Bacolod City Bs Aquino Driv','Dream 21 Bldg., 21st St., BS Aquino Drive Brgy. 5 Bacolod City NO','(034) 435-3405',NULL,NULL),(960,'1','2019',' Ilo-ilo Ilo-ilo City Mandurriao Pali','Benedicto St., Brgy. Pali Mandurriao Ilo-Ilo City Ilo-Ilo','(033) 321-2119',NULL,NULL),(961,'1','2020',' Gen Santos Santiago Blvd. Lagao','Santiago Blvd. Brgy. Lagao Gen. Santos City South Cotabato','(083) 552-0922',NULL,NULL),(962,'1','2021',' North Cotabato Kidapawan City Quezon','Quezon Blvd. Brgy. Poblacion Kidapawan City North Cotabato','(064) 288-5880',NULL,NULL),(963,'1','2022',' Lanao Del Norte Linamon Poblacion','National Highway Poblacion Linamon Lanao Del Norte','(063) 227-0213',NULL,NULL),(964,'1','2023',' Davao Del Sur Davao City Mintal','National Highway Brgy. Mintal Davao City Davao Del Sur','(082) 285-7134',NULL,NULL),(965,'1','2024',' Ilo-ilo Sara Poblacion Ilawod','DCDM Bldg. Don Victorino Salcedo St., Brgy. Poblacion Ilawod Sara Ilo-Ilo','(036) 392-0055',NULL,NULL),(966,'1','2025',' Cebu City Guadalupe','M. Velez St., Brgy. Guadalupe Cebu City Cebu','(032) 238-1678',NULL,NULL),(967,'1','2026',' Biliran Naval Poblacion','P. Inocentes St., Cor. Ballesteros St., Brgy. Pob. Naval Biliran','-',NULL,NULL),(968,'1','2027',' Cebu Liloan National Highway Yati','National Highway Brgy. Yati Liloan Cebu','(032) 236-4924',NULL,NULL),(969,'1','2028',' Cagayan De Oro City Causwagan','RN Pelaez Blvd. Zone 1 Brgy. Causwagan CDO City Mis. Or.','(088) 880-0867',NULL,NULL),(970,'1','2029',' Agusan Del Norte Butuan City South Mo','South Blvd. Square South Montilla Blvd. Brgy. Villa Kananga Butuan City ADN','(085) 341-3928 / (085) 816-0119',NULL,NULL),(971,'1','2030',' Davao Del Sur Digos City Estrada 1st','V. Sotto St. cor. Estrada 1st, Brgy. Zone 1 Digos City DDS','(082) 237-0550',NULL,NULL),(972,'1','2031',' Capiz Mambusao Poblacion Tabuc','Dumalag Road Brgy. Poblacion Tabuc Mambusao Capiz','(036) 647-0015',NULL,NULL),(973,'1','2032',' Leyte Palompon Rizal','Rizal St., Brgy. Central 2 Palompon Leyte','(053) 338-3368',NULL,NULL),(974,'1','2033',' Davao Del Sur Davao City Bucana','RLG Bldg. - Ecoland 76-A Brgy. Bucana Poblacion Davao City DDS','(082) 285-7174',NULL,NULL),(975,'1','2034',' Cebu Mandaue City Centro','Villa Gracia Bldg. SB Cabahog St., Brgy. Centro Mandaue City Cebu','(32 ) 236-2779',NULL,NULL),(976,'1','2035',' Cebu Cebu City Mabolo A. Soriano','Juan Luna Cor. A. Soriano St., Brgy. Mabolo Cebu City Cebu','(032) 260-8853',NULL,NULL),(977,'1','2036',' Cebu Cebu City Basak Pardo','N. Bacalso Avenue South Road Brgy. Basak Pardo Cebu City Cebu','(032) 238-8783',NULL,NULL),(978,'1','2037',' Cebu Cebu City Busay','Nivel Hills Brgy. Busay Cebu City Cebu','(032) 260-5257',NULL,NULL),(979,'1','2038',' Cebu Cebu City Pardo','Brgy. Pardo Cebu City Cebu','(032) 268-2070',NULL,NULL),(980,'1','2039',' Oroqueta City Lower Langcangan','D\' Fortune Comm\'l. Center Independence St./Nat\'l. Road Brgy. Lower Langacangan Oroqueta City Mis. Oc','(088) 531-0144',NULL,NULL),(981,'1','2040',' Davao Del Sur Davao City Quezon Blvd.','Poblacion Brgy. 032 cor. Jacinto St., Quezon Blvd. Davao City','(082) 285-9539',NULL,NULL),(982,'1','2041',' Davao Del Sur Davao City Lacson','Porras St., Cor. Lacson St., Brgy. 20-B Barrio Obrero Davao City Davao Del Sur','(082) 221-8910',NULL,NULL),(983,'1','2042',' Davao Del Sur Davao City Nova Tierra','NT Square Bldg. J.P. Laurel Ave., cor. Santos Ave., Brgy. Lanang Davao City Davao Del Sur','(082) 233-2433',NULL,NULL),(984,'1','2043',' Antique San Jose Funda Dalipe','Nietes St., Brgy/ Funda Dalipe San Jose Antique','(036) 540-8048',NULL,NULL),(985,'1','2044',' Leyte Hilongos Poblacion','CV Alcuino St., Brgy. Central Pob. Hilongos Leyte','(053) 336-2842',NULL,NULL),(986,'1','2045',' Cagayan De Oro City Puregold','Comm\'l. Unit #1 - 3 Claro M. Recto Ave. Brgy. Lapasan Cagayan De Oro City Misamis Oriental','(088) 880-4400',NULL,NULL),(987,'1','2046',' Davao Del Norte Samal City Babak','Babak-Samal-Kaputian Highway Brgy. San Isidro (Babak) Island Garden City of Samal, Davao Del Norte','-',NULL,NULL),(988,'1','2047',' Maguindanao Cotabato City Sk Pendatun','SK Pendatun St., Brgy. Poblacion Cotabato City Maguindanao','(064) 421-2933',NULL,NULL),(989,'1','2048',' Davao City Calinan National Highway','National Highway (Davao-Bukidnon Highway) Brgy. Calinan Davao City Davao Del Sur','-',NULL,NULL),(990,'1','2049',' Negros Oriental Victorias City Ascalo','#17 Ascalon St., Brgy. 2 Victorias City Negros Occidental','(034) 434-0599',NULL,NULL),(991,'1','2050',' Cebu Cebu City Osmena Avila','Pres. Sergio Osmena & Don Jose Avila Sts., Cebu City Cebu','-',NULL,NULL),(992,'1','2051',' Davao Del Sur Davao City Gaisano Mall','G/F Gaisano Mall Of Toril Saypon, McArthur Highway Toril Proper Davao City Davao Del Sur','(082) 285-9246',NULL,NULL),(993,'1','2052',' Agusan Del Norte Butuan City Robinson','Robinson\'s Place Butuan J.C. Aquino Ave., Brgy. Bayanihan Butuan City Agusan Del Norte','(085) 815-0758 / (085) 342-0660',NULL,NULL),(994,'1','2053',' Lanao Del Norte Kapatagan Poblacion','National Highway, Poblacion, Kapatagan, Lanao Del Norte','(063) 382-8084',NULL,NULL),(995,'1','2054',' Bohol Tubigon Poblacion','Jesus Vano Blvd., cor. Cabangbang St. Poblacion Tubigon Bohol','(038) 411-3087',NULL,NULL),(996,'1','2055',' Bohol Tagbilaran City Manga','Carlos P. Garcia North Ave. Road, Purok I, Brgy. Manga Tagbilaran City Bohol','(038) 411-3087',NULL,NULL),(997,'1','2056',' Cebu Bantayan Binaobao','Manuel L. Quezon St., Brgy. Binaobao (Poblacion) Bantayan Cebu','-',NULL,NULL),(998,'1','2057',' Iloilo Oton Poblacion South','Mother & Sons Bldg. F.C. Zulueta St., Brgy. Poblacion South Oton IloIlo','(033) 335-1866',NULL,NULL),(999,'1','2058',' Aklan Ibajay Poblacion','Sia-Chan Lek Bldg., National Road cor. Dalisay St., Brgy. Poblacion Ibajay Aklan','(036) 621-4071; (036)289-2774',NULL,NULL),(1000,'1','2059',' Cebu Mandaue City Maguikay','M.C. Brioner St., cor. M.L. Quezon St., Brgy. Maguikay Mandaue City Cebu','(032) 268-0210',NULL,NULL),(1001,'1','2060',' Davao Del Sur Davao City Bacaca Road','G/F Natalia Property Bldg. Nile St. cor. F.S. Dizon St. Bacaca Road Brgy. 19-B Poblacion Dist. Davao','(082) 282-8225',NULL,NULL),(1002,'1','2061',' Cotabato City Rosary Heights Sinsuat','Santos St., cor. Sinsuat Ave., Brgy. Rosary Heights IX Cotabato City Maguindanao','(064) 552-0533',NULL,NULL),(1003,'1','2062',' Gaisano Mall Grand Polomolok','National Highway Brgy. Magsaysay Polomolok South Cotabato','(083) 878-2511',NULL,NULL),(1004,'1','2063',' Surigao Del Sur Barobo Poblacion','Kerby Moresca Bldg. National Highway Brgy. Poblacion Barobo Surigao Del Sur','-',NULL,NULL),(1005,'1','2064',' Zamboanga Del Sur Molave Maloloy-on','Mabini St., Brgy. Maloloy-on Molave Zamboanga Del Sur','(062) 225-1399; 925-1736',NULL,NULL),(1006,'1','2065',' Davao Del Sur Davao City R. Castillo','R. Castillo St., Brgy. San Antonio, Agdao District Davao City Davao Del Sur','(082) 295-7954',NULL,NULL),(1007,'1','2066',' Davao City Airport Road','G/F LDL Bldg., C.P. Garcia Highway, Brgy. Sasa, Davao City, Davao Del Sur','(082) 234-1423 / (082) 234-1579',NULL,NULL),(1008,'1','2067',' Davao Buhangin San Pedro Ext.','G/F Penta-Point Comm\'l. Bldg., KM. 5, Buhangin Rd Cor. San Pedro Ext., Brgy. Buhangin, DC DDSur','(082) 241-0577',NULL,NULL),(1009,'1','2068',' South Cotabato Gen. Santos City Calum','National Highway, Brgy. Calumpang, General Santos City South Cotabato','(083) 552-5787',NULL,NULL),(1010,'1','2069',' Davao Del Sur Bansalan Mcarthur Hiway','McArthur Highway Brgy. Poblacion Dos Bansalan Davao Del Sur','-',NULL,NULL),(1011,'1','2070',' Neg. Occ. Bacolod City Villamonte','Burgos Extension Brgy. Villamonte,Bacolod City Negros Occidental','(034) 458-3492',NULL,NULL),(1012,'1','2071',' Davao City Talomo Proper Puan','Door #7-10, LDM Bldg., Puan, Brgy. Talomo Proper, Davao City, Davao Del Sur','(082) 296-0949',NULL,NULL),(1013,'1','2072',' San Francisco National Highway','National Highway, Purok 1, Brgy. 4, San Francisco, Agusan Del Sur','(085) 342-6888; 343-8380; 839-3410',NULL,NULL),(1014,'1','2073',' Davao Tibungco Gaisano Mall','GL #1B Gaisano Grand Mall Purok 5 Brgy. Tibungco Davao City','0932-8913574',NULL,NULL),(1015,'1','2074',' Davao Del Sur Davao City Bolton Ext.','G/F, Valrey Bldg., Bolton Ext., Purok 1, Brgy. 39-D, Davao City, Davao Del Sur','(082) 237-4144 / (082) 224-2414',NULL,NULL),(1016,'1','2075',' Davao City Matina Crossing','Door 1 & 2 Lape?A Bldg 123 Mc Arthur Highway Matina Crossing Davao City Davao Del Sur','-',NULL,NULL),(1017,'1','2076','  Mandaue City Mantuyong','Sir Francis Bldg. B. Ceniza St. Mantuyong Mandaue City','',NULL,NULL),(1018,'1','2077',' Atria','The Shop at Atria, Donato Pison Ave., San Rafael Maduriao, Ilo-ilo City','',NULL,NULL),(1019,'1','2078',' Leyte Palo Cathedral','Blk. 2 Palo Comm\'l. Bldg. Cathedral Ground Pio Pedrosa Ave., cor. San Jose St., Brgy. Luntad Palo Leyte','( 53 ) 832-1951',NULL,NULL),(1020,'1','2079',' Misamis Oriental Cagayan De Oro City','LCC Bidg. Tiano St. cor. Chaves Street, Brgy. 4, CD City, Mis. Or.','(088) 880-8737',NULL,NULL),(1021,'1','2080',' Zamboanga Del Sur Pagadian City P. Ur','P. Urro St., Purok Santan A, Brgy. San Jose, Pagadian City, Zamboanga Del Sur','-',NULL,NULL),(1022,'1','2081',' Davao Del Norte Tagum City Pioneer','Pioneer Ave., Purok Malinis, Brgy. Magugpo South, Tagum City, Davao Del Norte','0939-8219057',NULL,NULL),(1023,'1','2082',' Davao Del Norte Sto. Tomas Tibal-og','Feeder Road 2, Purok 6, Brgy. Tibal-Og, Sto. Tomas, Davao Del Norte','(084) 829-0077',NULL,NULL),(1024,'1','2083',' Davao Del Norte Davao City Matina Apl','Matina Aplaya Road Cor. Batangueno Village, Brgy. Matina Aplaya, Talomo District, Davao City, Davao','-',NULL,NULL),(1025,'1','2084',' Camiguin Mambajao Poblacion','Placido Reyes St., Brgy. Poblacion, Mambajao, Camiguin','-',NULL,NULL),(1026,'1','2085',' Cebu Toledo Sangi','Diosdado Macapagal Highway, Brgy. Sangi, Toledo City, Cebu','(032) 322-6370',NULL,NULL),(1027,'1','2086',' Neg. Oriental Guihulngan City Pob.','R. Villegas St., Brgy. Poblacion, Guihulngan City, Negros Oriental','(035) 410-4508',NULL,NULL),(1028,'1','2087',' Antique Culasi Centro Poblacion','Doors 1-4, Godo Yap Bldg., Nat\'l Rd. Cor. Javier St., Brgy. Centro Pob., Culasi, Antique','(036) 277-8718',NULL,NULL),(1029,'1','2088',' Bacolod City 888 Chinatown Square','888 Chinatown SquarePremiere Mall Gatuslao St. Brgy. 8 Bacolod City','(034) 432-3970',NULL,NULL),(1030,'1','2089',' Iloilo City Arevalo','St. Joseph Bldg. Quezon St. Quezon, Arevalo Iloilo City 5000 Iloilo','',NULL,NULL),(1031,'1','2090',' Isulan Kalawag','Nat\'l Hiway cor. Magbanua St., Purok Maligaya, Kalawag I (Pob.), Isulan (Capital) Sultan Kudarat','(064) 201-5334',NULL,NULL),(1032,'1','2091',' Tacurong - Buenaflor','National Highway, Purok Rosas, Buenaflor, City of Tacurong Sultan Kudarat','(064) 562-3300',NULL,NULL),(1033,'1','2092',' - Jagna Pagina','Sta. Cruz St. Pagina Jagna 6308 Bohol','(038) 238-3182',NULL,NULL),(1034,'1','2093',' Butuan City Libertad','Helen Dy Bldg. Nat\'l. Hway Purok 4, Libertad Butuan City 8600 Agusan del Norte','(085) 341-7009 / (085) 816-2674',NULL,NULL),(1035,'1','2094',' North Cotabato M\'lang Poblacion','M H Del Pilar Street Purok 4 Poblacion,M\'Lang Cotabato','-(064) 572-6141 / (064) 572-6142',NULL,NULL),(1036,'1','2095',' Allen Rizal','Brgy. Kinanbranan, Rizal St., Allen, Northern Samar','',NULL,NULL),(1037,'1','2096',' - Midsayap Nat\'l Hway','Nat\'l Hway Purok Sampaguita, Poblacion 8 Midsayap 9410 North Cotabato','(064) 229-9793 / (064) 229-9796',NULL,NULL),(1038,'1','2097',' - Bayugan City Narra','Narra Ave. cor. Cabonegro St. Purok 22, Poblacion Bayugan City 8502 Agusan del Sur','(085) 830-5535',NULL,NULL),(1039,'1','2098',' San Francisco Gaisano Grand Mall','Gaisano Grand Mall San Francisco AH26 Purok 2-A, Brgy.5 San Francisco 8501 Agusan del Sur','(085) 839-5631',NULL,NULL),(1040,'1','2099',' Cebu Lapu-lapu City Poblacion','Lopez Jaena Street Corner F. M Poblacion Lapu-Lapu City (Opon) Cebu','-',NULL,NULL),(1041,'1','2100',' Cebu Argao Poblacion','RM 102, 106 and 108 Four Aces National Highway Poblacion Argao Cebu','-(032) 273-7048',NULL,NULL),(1042,'1','2101',' - Surigao City Burgos','San Nicolas St. cor. Burgos St. Purok Malipayon, Washington Surigao City 8400 Surigao del Norte','(086) 826-1129 / (086) 826-1133',NULL,NULL),(1043,'1','2102',' Davao Del Sur Digos City Zone Iii','G/F Door 2 Ladera Bldg 4 Rizal Avenue Zone 3 (Pob.) City Of Digos (Capital) Davao Del Sur','-',NULL,NULL),(1044,'1','2103',' - Panabo City San Francisco','Davao Agusan Nat\'l Hway Purok 5, San Francisco Panabo City 8105 Davao del Norte','(084) 629-0191 / (084) 629-0195',NULL,NULL),(1045,'1','2104','  La Purisima','La Purisima St. (front of Ateneo de Zamboanga University), Zamboanga City','',NULL,NULL),(1046,'1','2105',' Digos City Gaisano Mall','Upper G/F - 01 Gaisano Mall Of Digos Quirino Tres De Mayo City Of Digos (Capital) Davao Del Sur','(082) 237-1191',NULL,NULL),(1047,'1','2106',' Estancia Poblacion','Reyes St. Poblacion Zone II Estancia 5019 Iloilo','(033) 320-3175',NULL,NULL),(1048,'1','2107',' Bacolod City O Residences','O Residences Lacson St. Mandalagan Bacolod City 6100 Negros Occidental','(034) 432-6407',NULL,NULL),(1049,'1','2108',' Catadman','Catadman Manabay, Ozamis City','',NULL,NULL),(1050,'1','2109',' Cebu Cebu City Acc Corporate Center','Stall 104 and 105 G/F ACC Copr Bohol St Luz Cebu City (Capital) Cebu','-',NULL,NULL),(1051,'1','2111',' Zamboanga City Divisoria','Clara Building Mcll Highway Zone 5 Divisoria Zamboanga City','(062) 957-4716',NULL,NULL),(1052,'1','2112',' Maramag South Poblacion','W.G. Bldg. Purok 1A, Agrosite South Poblacion Maramag 8714 Bukidnon','',NULL,NULL),(1053,'1','2113',' Hinigaran','MST Bldg. Rizal St. Brgy. IV Poblacion Hinigiran 6106 Negros Occidental','',NULL,NULL),(1054,'1','2114','  Cebu City Bulacao Pardo','239 South Rd. Sitio San Antonio, Bulacao Cebu City','',NULL,NULL),(1055,'1','2115',' Kalibo Archbishop Reyes','Archbishop Reyes St. Poblacion Kalibo 5600 Aklan','(036) 268-4123',NULL,NULL),(1056,'1','2116',' Tacloban City Maharlika','Maharlika Hway Purok 4, Brgy. 91 (Abucay) Tacloban City 6500 Leyte','',NULL,NULL),(1057,'1','2117',' Gen Santos City Pendatun','Pendatun Ave. Dadiangas North Gen. Santos City 9500 South Cotabato','',NULL,NULL),(1058,'1','2118',' Bago City Araneta','AANDA Bldg. Araneta St. Poblacion','',NULL,NULL),(1059,'1','2119',' Bogo 2 Cebu','Ground Floor, Door 2 Marcelo St., Brgy Carbon, Bogo City, Cebu','',NULL,NULL),(1060,'1','2120',' Pavia Aganan','HDH Merchandising Bldg, Aganan, Pavia, Iloilo City','',NULL,NULL),(1061,'1','2121',' Davao City Ateneo Business Center','Finster Bldg., Ateneo Business Center C.M. Recto St. Brgy. 32-D (Poblacion) Davao City 8000 Davao del Sur','(082) 225-1684 / (082) 225-1685',NULL,NULL),(1062,'1','2122',' Siaton Poblacion','E.V. Bldg. National Highway, Brgy. 2 Siaton, Negros Oriental','',NULL,NULL),(1063,'1','2123',' Koronadal City Capitol Site','Rafael Alunan Ave. Purok Pag-asa, Zone 4 Koronadal City 9506 South Cotabato','',NULL,NULL),(1064,'1','2124',' Davao City Bago Aplaya','Km. 10, McArthur Hway Bago Aplaya (Talomo) Davao City 8000 Davao del Sur','(082) 298-6622',NULL,NULL),(1065,'1','2125',' Mati Dahican','Brgy. Dahican, Mati','',NULL,NULL),(1066,'1','2126','  Kalibo Andagao','La Estrella Bldg. Roxas Avenue Extension, Andagao, Kalibo, Aklan','',NULL,NULL),(1067,'1','2127','  Pueblo de Panay','Immaculate Heart of Mary Avenue, Pueblo de Panay, Lawaan. Roxas City','',NULL,NULL),(1068,'1','2128',' Davao City Panacan','Greenacres Realty Bldg. Km.14 Panacan Davao City 8000 Davao del Sur','(082) 225-3869',NULL,NULL),(1069,'1','2129',' City Gate','1/F Gaisano Grand Mall, Buhangin','',NULL,NULL),(1070,'1','2130',' Ubay','Dorotea Regner National Highway Poblacion Ubay, Bohol','',NULL,NULL),(1071,'1','2131',' Tubod Lanao','Tubod Highway, Lanao del Norte','',NULL,NULL),(1072,'1','2133',' Citymall Tagum','Brgy. Bisayan Village, Tagum City','',NULL,NULL),(1073,'1','2134',' Roxas Iligan','Roxas St., Poblacion, Iligan City','',NULL,NULL),(1074,'1','2135',' UUHSA','Ulas, Talomo Proper','',NULL,NULL),(1075,'1','2136','  Passi Aguilar','Simeon Aguilar Street, Passi City, Iloilo','',NULL,NULL),(1076,'1','2137',' Bayugan City Gaisano Grand Market Pla','Unit No. BYN-GPS-05 & 06, Gaisano Grand Purok 24, Narra Ave. Poblacion Bayugan City 8502 Agusan del Sur','',NULL,NULL),(1077,'1','2138','  Maranding Apitong','Maranding National Highway, Lanao del Norte','',NULL,NULL),(1078,'1','2139',' Siquijor','National Highway, Brgy. Poblacion, Suquijor','',NULL,NULL),(1079,'1','2140',' Talibon San Jose','Carlos P. Garcia Highway, San Jose Talibon, Bohol','',NULL,NULL),(1080,'1','2141',' GenSan City Heights','V.A. Agri Bldg. Nat\'l Hwy Brgy. City Heights Gen. Santos City 9500 South Cotabato','',NULL,NULL),(1081,'1','2143','  Lapaz Arroyo','Dr. Montano F. Doyo Building, 269 Arroyo Street, Brgy. Railway, Lapaz, Iloilo','',NULL,NULL),(1082,'1','2144',' CDO Xavier Estates Khrismarga','','',NULL,NULL),(1083,'1','2145',' Sibulan Poblacion','Doors 1 and 2 Union Town Square, Brgy. Poblacion, Sibulan, Negros Oriental','',NULL,NULL),(1084,'1','2146',' Tuburan','Burgos Street, cor. Tabu-Tabu, Tuburan Poblacion, Cebu','',NULL,NULL),(1085,'1','2147',' Catarman J.P. Rizal','RBVD Bldg. J.P. Rizal St. cor. Quirino St. Jose P. Rizal Catarman 6400 Northern Samar','',NULL,NULL),(1086,'1','2148','  Potatan','Kyle Vincent Pedrola Building, Parcon Street, Poblacion Potatan, Iloilo','',NULL,NULL),(1087,'1','2149',' GP Town Center','GP Town Center Fernando Lopez Ave., Brgy. Ungka 2, Pavia, Ilo-ilo City','',NULL,NULL),(1088,'1','2150',' Festive Walk','Grd/Fl. Festive Walk Mall, Ilo-ilo Business Park, Aveto Mirasol Manduriao, Ilo-ilo City','',NULL,NULL),(1089,'1','2151',' Butuan City J.C. Aquino','J.C. Aquino Ave. Brgy. Bayanihan Butuan City 8600 Agusan del Norte','(085) 815-6457 / (085) 815-6458',NULL,NULL),(1090,'1','2152',' Cadiz - Villena','Villena St.,','',NULL,NULL),(1091,'1','2153',' Makilala North Davao','Makilala North Davao','',NULL,NULL),(1092,'1','2154',' Monkayo','Poblacion, Monkayo','',NULL,NULL),(1093,'1','2155',' Palo pawing','WH Bldg. Zone Saturn','(053) 888-4002',NULL,NULL),(1094,'1','2156',' Davao City Talomo Proper Puan Purok 2','Purok 29, Block 5 Puan,Talomo Proper Davao City 8000 Davao del Sur','(082) 296-1852 / (082) 298-2031',NULL,NULL),(1095,'1','2157',' Angliongto','Mamay Road, Lanang','',NULL,NULL),(1096,'1','2158','Bacolod City Citymall Goldenfields','Citymall Goldenfields Araneta St.','',NULL,NULL),(1097,'1','2159',' Gaisano Silay','Silay City Heritage Zone Negros Occidental','344359314',NULL,NULL),(1098,'1','2160',' Ozamiz City Maningcol','Purok Mindog Maningcol Ozamis City 7200 Misamis Occidental','(088) 521-0277',NULL,NULL),(1099,'1','2161',' Bacolod City Ayala Malls Capitol Cent','Ayala Malls Capitol Central Gatuslao St. Brgy. 8','',NULL,NULL),(1100,'1','2162',' Capiz roxas City Poblacion','N & E Tan Building Roxas Avenue,  Roxas City Capiz','366510145',NULL,NULL),(1101,'1','2163',' Capiz Pontevedra','Isagani St. Brgy Poblacion, ilawod pontevedra capiz','366212094',NULL,NULL),(1102,'1','2164',' Antique Sibalom Poblacion','Sibalom, Antique','',NULL,NULL),(1103,'1','2165',' Carmen Cogon East','Pegasus Realty Corp. Bldg. National Rd. cor. Washington St. Cogon East Carmen 6005 Cebu','(032) 511-1107',NULL,NULL),(1104,'1','2166',' Miagao Poblacion','Villa Luisa 2 Bldg. Zulueta Ave. Bolho Miagao 5023 Iloilo','(033) 397-2366',NULL,NULL),(1105,'1','2167',' Ateneo Bangkal','Bangkal,Talomo Proper','',NULL,NULL),(1106,'1','2168',' Misamis Oriental Opol Poblacion','Zone 3, Poblacion Opol 9016 Misamis Oriental','(088) 583-0017',NULL,NULL),(1107,'1','2169',' Minglanilla Linao','Cebu South Rd. cor. Kingswood st. Brgy. Linao Minglanilla 6046 Cebu','(032) 256-6050',NULL,NULL),(1108,'1','2170',' Sto Nino San Jose Road','Sto Nino San Jose Road Zamboanga City','062-9130003',NULL,NULL),(1109,'1','2171',' Valencia City Poblacion Sayre Hway','Purok 9, Sayre Hway Valencia City 8709 Bukidnon','(088) 882-1218',NULL,NULL),(1110,'1','2172',' Compostela Poblacion','National Rd., Purok Tamprut Aggies 1, Poblacion Compostela 6003 Cebu','(032) 268-6002',NULL,NULL),(1111,'1','2173',' San Jose San Angel','Aguillon Business Center San Angel','',NULL,NULL),(1112,'1','2174',' Davao Del Norte Kapalong Poblacion','Quezon St. Purok 5, Maniki Kapalong 8113 Davao del Norte','(084) 807-1573',NULL,NULL),(1113,'1','2175',' Cagayan De Oro City Iponan','Zone 1B Hway Iponan Cagayan de Oro City 9000 Misamis Oriental','(088) 882-5652',NULL,NULL),(1114,'1','2176',' Tanauan Poblacion','Real St. Zone 3, San Roque (Poblacion) Tanauan 6502 Leyte','',NULL,NULL),(1115,'1','2178',' Sta. Catalina Poblacion','Dr. Ildefonso Edrial Bldg. Nat\'l. Hway Poblacion Sta. Catalina','',NULL,NULL),(1116,'1','2179',' Alangalang Poblacion','J & F Mall Real St. Sto. Nino (Poblacion) Alangalang 6517 Leyte','',NULL,NULL),(1117,'1','2180',' Sto. Niño, Poblacion','Poblacion Sto. Nino 9509 South Cotabato','(083) 235-1158',NULL,NULL),(1118,'1','2183',' Talisay Dumlog','Zone 4 Rizal St., Dumlog Talisay City','',NULL,NULL),(1119,'1','2189',' Tupi Poblacion','Nat\'l.Hway Poblacion Tupi 9505 South Cotabato','(083) 226-1275',NULL,NULL),(1120,'1','3000',' Bataan Mariveles Poblacion','Lakandula St., Brgy. Poblacion Mariveles Bataan','-',NULL,NULL),(1121,'1','3001',' Zambales Subic Baraca','#5 National Hiway Brgy. Baraca Subic Zambales','(047) 232-6422',NULL,NULL),(1122,'1','3002',' Sorsogon Magsaysay Garcia','Magsaysay cor. Garcia St., Salog Sorsogon City','(056) 421-5047',NULL,NULL),(1123,'1','3003',' Tuguegarao Bunton','Bunton Highway Bunton Tuguegarao City Cagayan','(078) 304-0976',NULL,NULL),(1124,'1','3004',' Isabela Tumauini Poblacion','Tan Bldg. Maharlika Hiway Brgy. 1 Tumauini Isabela','(078) 323-0330',NULL,NULL),(1125,'1','3005',' Nueva Ecija Science City Of Munoz T.','T. Delos Santos St., Brgy. Pob. East, Science City of Munoz N. E.','(044) 940-2400',NULL,NULL),(1126,'1','3006',' Ilocos Norte Laoag City Puregold','Nolasco St. cor. Castro Ave & JP Rizal St., Brgy. 16 Laoag City I.N.','(0926) 863-8698',NULL,NULL),(1127,'1','3007',' Ilocos Sur Vigan City Puregold','Nolasco St. cor. Castro Ave & JP Rizal St., Brgy. 16 Laoag City I.N.','(077) 674-0477',NULL,NULL),(1128,'1','3008',' Oriental Mindoro Calapan City Puregol','Rizal St. Brgy. Camilmil Calapan City Oriental Mindoro','(0922) 359-9809',NULL,NULL),(1129,'1','3009',' Isabela Santiago City Centroeast','Santiago City Road Carreon Centro East Santiago City Isabela','(078) 305-1301',NULL,NULL),(1130,'1','3010',' Pangasinan Bayambang Public Market','Bayambang Public Market Rizal Ave. Brgy. Poblacion Bayambang Pangasinan','(0921) 553-8993',NULL,NULL),(1131,'1','3011',' Pampanga Angeles City Henson','Henson St., Brgy. San Nicolas Angeles City Pampanga','(0922) 885-1790; (0915) 748-3378',NULL,NULL),(1132,'1','3012',' Palawan Roxas Sandoval','Roxas St. cor. Sandoval St. Brgy. II Roxas Palawan','(048) 723-0516',NULL,NULL),(1133,'1','3013',' Ilocos Norte Batac City Plaza Maestro','Plaza Maestro Comm\'l. Complex Marcos Ave. Brgy. 10 Norte Lacub Batac City Ilocos Norte','(0916-6801182)',NULL,NULL),(1134,'1','3014',' Isabela Santiago City Xentro Mall','Xentro Mall Maharlika Highway Four Lanes St., Villasis Santiago City','(0923) 276-5592',NULL,NULL),(1135,'1','3015',' Nueva Ecija Cabiao Jose Abad Santos A','Jose Abad Santos Ave., Brgy. San Juan North Cabiao Nueva Ecija','(0927-4900330)',NULL,NULL),(1136,'1','3016',' Pampanga Angeles City Sto. Entierro','Sto. Entierro St. Brgy. Sto. Cristo Angeles City Pampanga','(0928-6747152)',NULL,NULL),(1137,'1','3017',' Batangas Calaca National Hiway','National Highway Brgy. Poblacion Calaca Batangas','(0917-8861021)',NULL,NULL),(1138,'1','3018',' Nueva Ecija Rizal Poblacion Aglipay','Aglipay St., Brgy. Poblacion Sur Rizal Nueva Ecija','(0906-8415961)',NULL,NULL),(1139,'1','3019',' Nueva Vizcaya Bayombong L.b. Perez','LB Perez cor. Burgos Don Domingo Maddela Bayombong Nueva Vizcaya','(0922-8686015)',NULL,NULL),(1140,'1','3020',' La Union San Fernando City Sky Mall','Sky Mall Nat\'l. Hiway Brgy. Pagdaraoan San Fernando City La Union','(074) 682-0034',NULL,NULL),(1141,'1','3021',' Pampanga San Fernando City San Jose J','Jose Abad Santos Ave. Brgy. San Jose San Fernando City Pampanga','(045) 455-0141',NULL,NULL),(1142,'1','3022',' Benguet Baguio City Legarda','Don Monsylito Apartelle ES Café Legarda Road Brgy. Sto. Tomas Baguio City Benguet','(0916) 200-9826',NULL,NULL),(1143,'1','3023',' San Pablo National Highway','National Highway Brgy. San Rafael San Pablo City Laguna','(049) 521-1303',NULL,NULL),(1144,'1','3024',' La Union Bacnotan Mcarthur Hiway','Nisce Bldg. McArthur Highway Brgy. Nagsimbaanan Bacnotan La Union','(072) 607-4899',NULL,NULL),(1145,'1','3025',' Batangas Lemery Centro Mall','National Road Brgy. Malinis Lemery Batangas','(02) 9127225',NULL,NULL),(1146,'1','3026',' Benguet Baguio City A. Bonifacio','PR Halili Bldg., 95 A. Bonifacio St., Brgy. A. Bonifacio Caguiao-Remando (ABCR), Bagui0 City Benguet','(074) 4227858 / (074) 4227593',NULL,NULL),(1147,'1','3027',' Tarlac Moncada Mcarthur Hiway','McArthur Highway, Brgy. Poblacion I, Moncada, Tarlac','-',NULL,NULL),(1148,'1','3028',' Pampanga Macabebe Poblacion','Apalit-Macabebe-Masantol Road, Macabebe Circle Poblacion, Macabebe, Pampanga','(045) 4354516',NULL,NULL),(1149,'1','3029',' ROSARIO PUBLIC MARKET','J.B. Zuno St. Namuco Rosario 4225 Batangas','',NULL,NULL),(1150,'1','3030',' La Union Naguillan Ortiz','Naguilian-Baguio Road, Brgy. Ortiz, Naguilian, La Union','',NULL,NULL),(1151,'1','3033',' Nueva Vizcaya Solano Quirino','Ground Floor RS Hernandez BLD Maharlika Quirino Solano Nueva Vizcaya','(078) 3921035',NULL,NULL),(1152,'1','3034',' Tarlac Tarlac City The Market City','G/F, Units 59-63, Market City, Ninoy Aquino Boulevard, Brgy. Mabini, Tarlac City, Tarlac','(045) 582-5236',NULL,NULL),(1153,'1','3035',' Pangasinan Mangatarem Romulo Hiway','Romulo Highway corner Gomez Street, Poblacion, Mangatarem, Pangasinan','-',NULL,NULL),(1154,'1','3036',' Bataan Balanga City','Roman Superhighway, Brgy. Tenejero, Balanga City, Bataan','-',NULL,NULL),(1155,'1','3037',' Pampanga Lubao Jasa','JASA corner J.P. Rizal Street, Brgy. Sta. Cruz, Lubao, Pampanga','-',NULL,NULL),(1156,'1','3038',' La Union San Fernando City Sevilla','Braganza Bldg., Mcarthur Highway, Baranggay Sevilla, San Fernando City, La Union','',NULL,NULL),(1157,'1','3039',' Nueva Ecija Cabanatuan City Zulueta','Maharlika Highway, Barangay Zulueta, Cabanatuan City, Nueva Ecija','-',NULL,NULL),(1158,'1','3040',' Pampanga Mabalacat City Dau','McArthur Highway, Barangay Dau, Mabalacat City, Pampanga','-',NULL,NULL),(1159,'1','3041',' Nueva Ecija Cabanatuan City Waltermar','Ground Floor WCBN 021, Barangay Dicarma (Pob.), Cabanatuan City Nueva Ecija','(044) 951-1049',NULL,NULL),(1160,'1','3042',' Pangasinan Rosales Carmen West','McArthur Highway, Carmen West Rosales Pangasinan','-',NULL,NULL),(1161,'1','3043',' Candaba Trade Center','Ground Floor San Agustin, Candaba, Pampanga','',NULL,NULL),(1162,'1','3044',' China Town Center','Chinatown Center Valencia St. cor. Bonoan Rd. Tagumpay Puerto Princesa City 5300 Palawan','(048) 4331482',NULL,NULL),(1163,'1','3045',' Balaoan La Union','El Navi Hotel Bldg, McArthur Hi-way, Dr. Camillo Osias, Pob. Cabuaan, Balaoan La Union','',NULL,NULL),(1164,'1','3046',' Daet Vinzons','Vinzons Ave. Brgy. V (Pandan) Daet 4600 Camarines Norte','(054) 8851037',NULL,NULL),(1165,'1','3047',' - Sto. Tomas FPIP','79 Maharlika Hway Sta. Anastacia Santo Tomas 4234 Batangas','(043) 7743904',NULL,NULL),(1166,'1','3048',' San Pascual Batangas','San Pascual, Batangas','',NULL,NULL),(1167,'1','3049',' Talavera Waltermart','Waltermart Mall Maharlika Hway La Torre','',NULL,NULL),(1168,'1','3050',' Kumintang Ilaya','National Hiway, Brgy. Kumintang Ilaya, Batangas City','',NULL,NULL),(1169,'1','3051',' Guimba Sto. Cristo','Kyro Bldg. Faigal St. cor. L. de Ocampo St. Sto. Cristo','',NULL,NULL),(1170,'1','3052',' Victoria','Victoria, Oriental Mindoro','',NULL,NULL),(1171,'1','3053',' Quirino Madela Isabela','Quirino Madela, Isabela','',NULL,NULL),(1172,'1','3054',' Jaen Poblacion','L 28-A, Natividad St. Don Mariano Marcos (Poblacion) Jaen','',NULL,NULL),(1173,'1','3055',' Narvacan Poblacion','L 13879 McArthur Hway Sta. Lucia (Poblacion) Narvacan 2704 Ilocos Sur','(077) 604-1688',NULL,NULL),(1174,'1','3056',' MacArthur Highway','San Isidro, San Fernando, Pampanga','',NULL,NULL),(1175,'1','3057',' Waltermart Bayan','Balayan, Batangas','',NULL,NULL),(1176,'1','3058',' Libertad Abulog','Java Commercial Center, Maharlika Highway, Libertad, Abulog','',NULL,NULL),(1177,'1','3060',' Victoria Public Market','Rizal St. Brgy. San Gavino Victoria','(045) 6063816',NULL,NULL),(1178,'1','3061',' Iba Palanginan','Nat\'l Rd. Purok 4, Palanginan Iba 2201 Zambales','(047) 811-16-25',NULL,NULL),(1179,'1','3062',' Tuguegarao Carig','163 AMC Bldg. Maharlika Hiway, Carig Sur, Tuguegarao City','',NULL,NULL),(1180,'1','3063',' Concepcion Waltermart','WCON 001, Ground Flr. Waltermart Mall Nat\'l Rd., St. Jude Village Brgy. Alfonso Concepcion','',NULL,NULL),(1181,'1','3064',' Tapuac Dist','Hotel Le Duc Bldg., Brgy Tapuac Dist., Dagupan City','',NULL,NULL),(1182,'1','3065',' Tiaong Doña Tating','79 Doña Tating St., Poblacion 1 Tiaong 4235 Quezon','(042) 7840597',NULL,NULL),(1183,'1','3066',' Waltermart Nasugbu','J. P. Laurel Road, Brgy. Lumbangan, Nasugbu, Batangas','',NULL,NULL),(1184,'1','3067',' Paniqui Waltermart','G/F Unit 037 Waltermart Paniqui McArthur Hway Estacion Paniqui','',NULL,NULL),(1185,'1','3068','  Nueva Ecija San Jose Waltermart','Unit 20 Ground Floor Waltermart San Jose, Brgy. Malasin, San Jose City, Nueva Ecija','',NULL,NULL),(1186,'1','3069',' Mabalacat Great Mall','Bldg. 1 Ground Floor Unit 7-8 Great Mall Brgy. Tabun, Mabalacat City, Pampanga','',NULL,NULL),(1187,'1','3071',' Pangasinan Binalonan Town Center','Binalonan, Pangasinan','',NULL,NULL),(1188,'1','3072',' Quezon Lucena City Puregold','Puregold Lucena Doña Aurora Blvd., Purok Pagkakaisa Gulang-Gulang Lucena City 4301 Quezon','(045) 785-9084',NULL,NULL),(1189,'1','3073',' Puregold Diversion Naga','Puregold Diversion, Trianggulo Naga City','',NULL,NULL),(1190,'1','3074',' BATAAN PILAR ALAULI','Bataan Freeway Center Point Bldg. Annex Roman Superhway Alauli Pilar, Bataan','',NULL,NULL),(1191,'1','3075',' BATAAN ORION POBLACION','National Rd. Arellano Orion, Bataan','',NULL,NULL),(1192,'1','3076',' La Union Rosario Pob East','Mc. Arthur Highway Poblacion East Rosario, La Union','',NULL,NULL),(1193,'1','3078',' Bacacay Poblacion','SSBF Bldg. Mora St. cor. Magsaysay Ave. Brgy. 8 (Poblacion)','',NULL,NULL),(1194,'1','3079','Bantay Poblacion','Shirley Chan Comm\'l Bldg. Manila North Rd. Brgy. 4 (Poblacion) Bantay','',NULL,NULL),(1195,'1','3080',' Cabagan Ugad','Lydia\'s Commercial Bldg. Purok 07 Ugad Cabagan 3328 Isabela','(02) 89127225',NULL,NULL),(1196,'1','3082',' Polangui LCC Mall','LCC Mall Polangui 2 Purok Cepres Basud Polangui City 4506 Albay','(02) 89127225',NULL,NULL),(1197,'1','3084',' San Carlos City Magic Mall','Magic Mall Roxas Blvd.','(02) 89127225',NULL,NULL),(1198,'1','4037','  Sto. Tomas FPIP','79 Maharlika Highway, San Anastacia, Sto. Tomas, Batangas','',NULL,NULL),(1199,'1','5000',' Davao City Ilustre','Ilustre St. Davao City 8000 Davao del Sur','(082) 224-2250',NULL,NULL),(2052,'﻿code','Branch Code','Branch Name','Address 1',NULL,NULL,NULL),(2053,'4','1','MCTC Sta. Cecilla Business Center 1','Sta. Cecilla Business Center 1 National Highway, Brgy. Parian, Calamba City',NULL,NULL,NULL),(2054,'4','2','Good Eats','Ground Floor Easton Place, 118 Valero, Makati City',NULL,NULL,NULL),(2055,'4','3','MCTC  Cabanatuan','Maharlika Highway, Cabanatuan, Nueva Ecija',NULL,NULL,NULL),(2056,'4','4','EBG Head Office','Techtite tower ortigas center',NULL,NULL,NULL),(2057,'4','5','Lionesse Shop','Pulung Marque Mall',NULL,NULL,NULL),(2058,'4','6','King and Queen Fasion','Binondo',NULL,NULL,NULL),(2059,'4','7','Lukfoo Dela Costa','139, 1227 H.V. Dela Costa',NULL,NULL,NULL),(2060,'4','8','Roma 1989 Corporation','Sm Mega level 4',NULL,NULL,NULL),(2061,'4','9','Divergent Technologies Philippines, INC.','FFC Bldg. Ground Flr. Santillan',NULL,NULL,NULL),(2062,'4','10','Atin Ito (Terminal 1)','West Transit NAIA Terminal 1 Brgy Vitalez Paranaque City',NULL,NULL,NULL);
/*!40000 ALTER TABLE `customer_branches` ENABLE KEYS */;
UNLOCK TABLES;

--
-- Table structure for table `customers`
--

DROP TABLE IF EXISTS `customers`;
/*!40101 SET @saved_cs_client     = @@character_set_client */;
/*!40101 SET character_set_client = utf8 */;
CREATE TABLE `customers` (
  `id` bigint(20) unsigned NOT NULL AUTO_INCREMENT,
  `code` varchar(255) COLLATE utf8mb4_unicode_ci NOT NULL,
  `customer` varchar(255) COLLATE utf8mb4_unicode_ci NOT NULL,
  `created_at` timestamp NULL DEFAULT NULL,
  `updated_at` timestamp NULL DEFAULT NULL,
  PRIMARY KEY (`id`)
) ENGINE=InnoDB AUTO_INCREMENT=145 DEFAULT CHARSET=utf8mb4 COLLATE=utf8mb4_unicode_ci;
/*!40101 SET character_set_client = @saved_cs_client */;

--
-- Dumping data for table `customers`
--

LOCK TABLES `customers` WRITE;
/*!40000 ALTER TABLE `customers` DISABLE KEYS */;
INSERT INTO `customers` VALUES (1,'MD','Mercury Drug','2020-10-13 02:52:13','2020-10-13 02:52:14'),(2,'PG','Puregold','2020-10-13 02:52:28','2020-10-13 02:52:27'),(3,'﻿Customer Code','Company Description',NULL,NULL),(4,'APS','APSOFT',NULL,NULL),(5,'BK','BURGER KING',NULL,NULL),(6,'CK','CHOWKING',NULL,NULL),(7,'DD','DUNKIN DONUTS',NULL,NULL),(8,'GW','GREENWICH',NULL,NULL),(9,'JB','JOLLIBEE',NULL,NULL),(10,'LCC','LIBERTY COMMERCIAL CENTER',NULL,NULL),(11,'LM','LANDMARK',NULL,NULL),(12,'McDo','MC DONALDS',NULL,NULL),(13,'MCTC','MEDICAL CENTER TRADING CORP',NULL,NULL),(14,'MG','METRO GAISANO',NULL,NULL),(15,'MI','MANG INASAL',NULL,NULL),(16,'MSPG01','MSPG SM AURA',NULL,NULL),(17,'MSPG02','MSPG SM BACOLOD',NULL,NULL),(18,'MSPG03','MSPG SM BACOOR',NULL,NULL),(19,'MSPG04','MSPG SM BAGIUO',NULL,NULL),(20,'MSPG05','MSPG SM BALIWAG',NULL,NULL),(21,'MSPG06','MSPG SM BATANGAS',NULL,NULL),(22,'MSPG07','MSPG SM BF PARAÑAQUE',NULL,NULL),(23,'MSPG08','MSPG SM BICUTAN',NULL,NULL),(24,'MSPG09','MSPG SM CABANATUAN',NULL,NULL),(25,'MSPG10','MSPG SM CDO1',NULL,NULL),(26,'MSPG11','MSPG SM CALAMBA',NULL,NULL),(27,'MSPG12','MSPG SM CAUAYAN',NULL,NULL),(28,'MSPG13','MSPG SM CEBU',NULL,NULL),(29,'MSPG14','MSPG SM CLARK',NULL,NULL),(30,'MSPG15','MSPG SM CONSOLACION',NULL,NULL),(31,'MSPG16','MSPG SM CUBAO',NULL,NULL),(32,'MSPG17','MSPG SM DASMARIÑAS',NULL,NULL),(33,'MSPG18','MSPG SM DAVAO',NULL,NULL),(34,'MSPG19','MSPG SM DELGADO',NULL,NULL),(35,'MSPG20','MSPG SM EASY ORTIGAS',NULL,NULL),(36,'MSPG21','MSPG SM FAIRVIEW',NULL,NULL),(37,'MSPG22','MSPG SM GENSAN',NULL,NULL),(38,'MSPG23','MSPG SM HARRISON',NULL,NULL),(39,'MSPG24','MSPG SM LANANG',NULL,NULL),(40,'MSPG25','MSPG SM LEGASPI',NULL,NULL),(41,'MSPG26','MSPG SM LIPA',NULL,NULL),(42,'MSPG27','MSPG SM LUCENA',NULL,NULL),(43,'MSPG28','MSPG SM MAKATI',NULL,NULL),(44,'MSPG29','MSPG SM MALL OF ASIA',NULL,NULL),(45,'MSPG30','MSPG SM MANDURRIAO',NULL,NULL),(46,'MSPG31','MSPG SM MANILA',NULL,NULL),(47,'MSPG32','MSPG SM MARIKINA',NULL,NULL),(48,'MSPG33','MSPG SM  MARILAO',NULL,NULL),(49,'MSPG34','MSPG SM MASINAG',NULL,NULL),(50,'MSPG35','MSPG SM MEGACENTER',NULL,NULL),(51,'MSPG36','MSPG SM MEGAMALL',NULL,NULL),(52,'MSPG37','MSPG SM MOLINO',NULL,NULL),(53,'MSPG38','MSPG SM NAGA',NULL,NULL),(54,'MSPG39','MSPG SM NORTH EDSA',NULL,NULL),(55,'MSPG40','MSPG SM NOVALICHES',NULL,NULL),(56,'MSPG41','MSPG SM OLONGAPO CENTRAL',NULL,NULL),(57,'MSPG42','MSPG SM OLONGAPO DOWNTOWN',NULL,NULL),(58,'MSPG43','MSPG SM PAMPANGA',NULL,NULL),(59,'MSPG44','MSPG SM PUERTO PRINSESA',NULL,NULL),(60,'MSPG45','MSPG SM QUIAPO',NULL,NULL),(61,'MSPG46','MSPG SM ROSALES',NULL,NULL),(62,'MSPG47','MSPG SM ROSARIO',NULL,NULL),(63,'MSPG48','MSPG SM SAN FERNANDO',NULL,NULL),(64,'MSPG49','MSPG SM SAN JOSE DEL MONTE',NULL,NULL),(65,'MSPG50','MSPG SM SAN LAZARO',NULL,NULL),(66,'MSPG51','MSPG SM SAN MATEO',NULL,NULL),(67,'MSPG52','MSPG SM SAN PABLO',NULL,NULL),(68,'MSPG53','MSPG SM SEASIDE',NULL,NULL),(69,'MSPG54','MSPG SM SOUTHMALL',NULL,NULL),(70,'MSPG55','MSPG SM STA. MESA',NULL,NULL),(71,'MSPG56','MSPG SM STA. ROSA',NULL,NULL),(72,'MSPG57','MSPG SM SUCAT',NULL,NULL),(73,'MSPG58','MSPG SM TARLAC',NULL,NULL),(74,'MSPG59','MSPG SM TAYTAY',NULL,NULL),(75,'MSPG60','MSPG SM TELABASTAGAN',NULL,NULL),(76,'MSPG61','MSPG SM TRECE MARTIRES',NULL,NULL),(77,'MSPG62','MSPG SM URDANETA',NULL,NULL),(78,'MSPG63','MSPG SM VALENZUELA',NULL,NULL),(79,'OTHERS','OTHERS',NULL,NULL),(80,'PGL','PG LAWSON',NULL,NULL),(81,'PRMRT','PureMart',NULL,NULL),(82,'PT','PHO24',NULL,NULL),(83,'RCC','RUSTAN\'S COMMERCIALS CORP.',NULL,NULL),(84,'RR','RED RIBBON',NULL,NULL),(85,'SB','STARBUCKS',NULL,NULL),(86,'SM0001','SM AURA',NULL,NULL),(87,'SM0002','SM BACOLOD',NULL,NULL),(88,'SM0003','SM BACOOR',NULL,NULL),(89,'SM0004','SM BAGUIO',NULL,NULL),(90,'SM0005','SM BALIWAG',NULL,NULL),(91,'SM0006','SM BATANGAS',NULL,NULL),(92,'SM0007','SM BICUTAN',NULL,NULL),(93,'SM0008','SM CABANATUAN',NULL,NULL),(94,'SM0009','SM CAGAYAN DE ORO',NULL,NULL),(95,'SM0010','SM CALAMBA',NULL,NULL),(96,'SM0011','SM CAUAYAN',NULL,NULL),(97,'SM0012','SM CEBU',NULL,NULL),(98,'SM0013','SM CLARK',NULL,NULL),(99,'SM0014','SM CONSOLACION',NULL,NULL),(100,'SM0015','SM CUBAO',NULL,NULL),(101,'SM0016','SM DASMARIÑAS',NULL,NULL),(102,'SM0017','SM DAVAO',NULL,NULL),(103,'SM0018','SM DELGADO',NULL,NULL),(104,'SM0019','SM FAIRVIEW',NULL,NULL),(105,'SM0020','SM GENERAL SANTOS',NULL,NULL),(106,'SM0021','SM HARRISON',NULL,NULL),(107,'SM0022','SM LANANG',NULL,NULL),(108,'SM0023','SM LIPA',NULL,NULL),(109,'SM0024','SM LUCENA',NULL,NULL),(110,'SM0025','SM MAKATI',NULL,NULL),(111,'SM0026','SM MALL OF ASIA',NULL,NULL),(112,'SM0027','SM MANDURRIAO',NULL,NULL),(113,'SM0028','SM MANILA',NULL,NULL),(114,'SM0029','SM MARIKINA',NULL,NULL),(115,'SM0030','SM MARILAO',NULL,NULL),(116,'SM0031','SM MASINAG',NULL,NULL),(117,'SM0032','SM MEGAMALL',NULL,NULL),(118,'SM0033','SM NAGA',NULL,NULL),(119,'SM0034','SM NORTH EDSA',NULL,NULL),(120,'SM0035','SM NOVALICHES',NULL,NULL),(121,'SM0036','SM OLONGAPO',NULL,NULL),(122,'SM0037','SM PAMPANGA',NULL,NULL),(123,'SM0038','SM BF PARANAQUE',NULL,NULL),(124,'SM0039','SM QUIAPO',NULL,NULL),(125,'SM0040','SM ROSALES',NULL,NULL),(126,'SM0041','SM ROSARIO',NULL,NULL),(127,'SM0042','SM SAN FERNANDO',NULL,NULL),(128,'SM0043','SM SAN LAZARO',NULL,NULL),(129,'SM0044','SM SAN MATEO',NULL,NULL),(130,'SM0045','SM SAN PABLO',NULL,NULL),(131,'SM0046','SM SEASIDE CEBU',NULL,NULL),(132,'SM0047','SM SOUTHMALL',NULL,NULL),(133,'SM0048','SM STA. MESA',NULL,NULL),(134,'SM0049','SM STA. ROSA',NULL,NULL),(135,'SM0050','SM SUCAT PARANAQUE',NULL,NULL),(136,'SM0051','SM TARLAC',NULL,NULL),(137,'SM0052','SM TAYTAY',NULL,NULL),(138,'SM0053','SM CITY SAN JOSE DEL MONTE',NULL,NULL),(139,'SM0054','SM TRECE MARTIRES',NULL,NULL),(140,'SM0055','SM EAST ORTIGAS',NULL,NULL),(141,'SM0056','SM PUERTO PRINCESA',NULL,NULL),(142,'SM0057','SM URDANETA',NULL,NULL),(143,'SR','S & R',NULL,NULL),(144,'SW','SHOPWISE',NULL,NULL);
/*!40000 ALTER TABLE `customers` ENABLE KEYS */;
UNLOCK TABLES;

--
-- Table structure for table `defectives`
--

DROP TABLE IF EXISTS `defectives`;
/*!40101 SET @saved_cs_client     = @@character_set_client */;
/*!40101 SET character_set_client = utf8 */;
CREATE TABLE `defectives` (
  `id` bigint(20) unsigned NOT NULL AUTO_INCREMENT,
  `branch_id` int(10) unsigned DEFAULT NULL,
  `user_id` int(10) unsigned DEFAULT NULL,
  `items_id` int(10) unsigned DEFAULT NULL,
  `serial` varchar(255) COLLATE utf8mb4_unicode_ci DEFAULT NULL,
  `status` varchar(255) COLLATE utf8mb4_unicode_ci DEFAULT NULL,
  `created_at` timestamp NULL DEFAULT NULL,
  `updated_at` timestamp NULL DEFAULT NULL,
  PRIMARY KEY (`id`)
) ENGINE=InnoDB AUTO_INCREMENT=4 DEFAULT CHARSET=utf8mb4 COLLATE=utf8mb4_unicode_ci;
/*!40101 SET character_set_client = @saved_cs_client */;

--
-- Dumping data for table `defectives`
--

LOCK TABLES `defectives` WRITE;
/*!40000 ALTER TABLE `defectives` DISABLE KEYS */;
INSERT INTO `defectives` VALUES (1,1,1,60,'N/A','Received','2020-10-20 07:02:35','2020-10-23 07:18:39'),(2,1,1,16,'1234','in','2020-10-23 06:12:39','2020-10-23 06:12:39'),(3,1,5,9,'N/A','in','2020-10-28 02:39:08','2020-10-28 02:39:08');
/*!40000 ALTER TABLE `defectives` ENABLE KEYS */;
UNLOCK TABLES;

--
-- Table structure for table `items`
--

DROP TABLE IF EXISTS `items`;
/*!40101 SET @saved_cs_client     = @@character_set_client */;
/*!40101 SET character_set_client = utf8 */;
CREATE TABLE `items` (
  `id` bigint(20) unsigned NOT NULL AUTO_INCREMENT,
  `category_id` varchar(50) COLLATE utf8mb4_unicode_ci DEFAULT NULL,
  `item` varchar(255) COLLATE utf8mb4_unicode_ci NOT NULL,
  `created_at` timestamp NULL DEFAULT NULL,
  `updated_at` timestamp NULL DEFAULT NULL,
  PRIMARY KEY (`id`)
) ENGINE=InnoDB AUTO_INCREMENT=63 DEFAULT CHARSET=utf8mb4 COLLATE=utf8mb4_unicode_ci;
/*!40101 SET character_set_client = @saved_cs_client */;

--
-- Dumping data for table `items`
--

LOCK TABLES `items` WRITE;
/*!40000 ALTER TABLE `items` DISABLE KEYS */;
INSERT INTO `items` VALUES (1,'﻿1','Lcd 12.1 Monitor',NULL,NULL),(2,'1','Lcd 12.1 Gsan Monitor',NULL,NULL),(3,'4','2nr Printer',NULL,NULL),(4,'4','Tmu675 Printer',NULL,NULL),(5,'4','Tm-H6000IV Printer White',NULL,NULL),(6,'4','Tmu220 Printer',NULL,NULL),(7,'4','Lx 310 Printer',NULL,NULL),(8,'4','Lx 300 + II Printer',NULL,NULL),(9,'2','Fsp 24Pins Power Supply',NULL,NULL),(10,'2','Atx 24Pins Power Supply',NULL,NULL),(11,'2','Atx 20Pins Power Supply',NULL,NULL),(12,'2','745 Power Supply',NULL,NULL),(13,'2','743 Power Supply',NULL,NULL),(14,'2','723 Power Supply',NULL,NULL),(15,'2','722 Power Supply',NULL,NULL),(16,'3','Lcd 15\' Adaptor',NULL,NULL),(17,'3','Lcd 12.1 Adaptor',NULL,NULL),(18,'3','Lcd 12.1 Gsan Adaptor',NULL,NULL),(19,'3','Epson Tmu675 Printer Adaptor',NULL,NULL),(20,'3','Epson 220 Printer Adaptor',NULL,NULL),(21,'3','Scanner Sh2300 Adaptor',NULL,NULL),(22,'3','Flatbed Adaptor Data Logic',NULL,NULL),(23,'5','QScan6000 Handheld Scanner',NULL,NULL),(24,'5','Data Logic Handheld Scanner',NULL,NULL),(25,'5','Magellan Sh2300 Flatbed Scanner',NULL,NULL),(26,'5','Data Logic 3300Sh Flatbed Scanner',NULL,NULL),(27,'5','Primary Glass Scanner',NULL,NULL),(28,'5','Secondary Glass Scanner',NULL,NULL),(29,'6','Compact Size Cash Drawer',NULL,NULL),(30,'6','Compact Size Cash Tray',NULL,NULL),(31,'6','Compact Cash Drawer Base',NULL,NULL),(32,'7','Ps2 101 Keyboard',NULL,NULL),(33,'7','Pos Ibm Keyboard',NULL,NULL),(34,'12','Pos Vfd Display',NULL,NULL),(35,'12','Tos Vfd Display',NULL,NULL),(36,'8','D Link Hub w/Adaptor',NULL,NULL),(37,'8','Print Server Edimax w/Adaptor',NULL,NULL),(38,'11','Ps2 Mouse',NULL,NULL),(39,'9','745 i/o Port & Rizer Card',NULL,NULL),(40,'9','722 i/o Port & Rizer Card',NULL,NULL),(41,'9','Netmos Card',NULL,NULL),(42,'9','Lan Card',NULL,NULL),(44,'10','15\" Vga Cable Blue',NULL,NULL),(45,'10','12.1 Vga Cable White',NULL,NULL),(46,'10','Parallel Cable',NULL,NULL),(47,'10','Serial Cable',NULL,NULL),(48,'10','Tos Vfd Cable',NULL,NULL),(49,'10','Magellan Scanner Cable Sh2300',NULL,NULL),(50,'10','Data Logic Flatbed Scanner Cable 3300Hs',NULL,NULL),(51,'10','Power Cord Normal',NULL,NULL),(52,'10','Power Cord Air Con Plug Only',NULL,NULL),(53,'10','Cable No.7',NULL,NULL),(54,'10','Cable No.5',NULL,NULL),(55,'10','Cable No.4',NULL,NULL),(56,'10','Cable No.3',NULL,NULL),(57,'10','Tmu675 Printer Cable',NULL,NULL),(58,'10','Sata Cable Connector',NULL,NULL),(59,'10','Loop Back',NULL,NULL),(60,'11','745 Swicht Assembly',NULL,NULL),(61,'11','722 Switch Assembly',NULL,NULL),(62,'11','Cable Tie',NULL,NULL);
/*!40000 ALTER TABLE `items` ENABLE KEYS */;
UNLOCK TABLES;

--
-- Table structure for table `loans`
--

DROP TABLE IF EXISTS `loans`;
/*!40101 SET @saved_cs_client     = @@character_set_client */;
/*!40101 SET character_set_client = utf8 */;
CREATE TABLE `loans` (
  `id` bigint(20) unsigned NOT NULL AUTO_INCREMENT,
  `user_id` int(10) unsigned DEFAULT NULL,
  `from_branch_id` int(10) unsigned DEFAULT NULL,
  `to_branch_id` int(10) unsigned DEFAULT NULL,
  `items_id` int(10) unsigned DEFAULT NULL,
  `status` varchar(255) COLLATE utf8mb4_unicode_ci DEFAULT NULL,
  `created_at` timestamp NULL DEFAULT NULL,
  `updated_at` timestamp NULL DEFAULT NULL,
  PRIMARY KEY (`id`)
) ENGINE=InnoDB AUTO_INCREMENT=7 DEFAULT CHARSET=utf8mb4 COLLATE=utf8mb4_unicode_ci;
/*!40101 SET character_set_client = @saved_cs_client */;

--
-- Dumping data for table `loans`
--

LOCK TABLES `loans` WRITE;
/*!40000 ALTER TABLE `loans` DISABLE KEYS */;
INSERT INTO `loans` VALUES (1,2,1,5,4,'completed','2020-10-22 06:16:59','2020-10-22 06:32:07'),(2,2,1,5,32,'pending','2020-10-22 06:17:11','2020-10-22 06:17:11'),(3,3,1,5,2,'approved','2020-10-23 06:34:42','2020-10-23 06:36:44'),(4,5,1,2,17,'pending','2020-10-28 01:48:27','2020-10-28 01:48:27'),(5,5,1,2,17,'pending','2020-10-28 01:48:30','2020-10-28 01:48:30'),(6,5,1,2,5,'deleted','2020-10-28 01:50:04','2020-10-28 02:11:27');
/*!40000 ALTER TABLE `loans` ENABLE KEYS */;
UNLOCK TABLES;

--
-- Table structure for table `log_activity`
--

DROP TABLE IF EXISTS `log_activity`;
/*!40101 SET @saved_cs_client     = @@character_set_client */;
/*!40101 SET character_set_client = utf8 */;
CREATE TABLE `log_activity` (
  `id` bigint(20) unsigned NOT NULL AUTO_INCREMENT,
  `subject` varchar(255) COLLATE utf8mb4_unicode_ci NOT NULL,
  `before` varchar(255) COLLATE utf8mb4_unicode_ci NOT NULL,
  `after` varchar(255) COLLATE utf8mb4_unicode_ci NOT NULL,
  `url` varchar(255) COLLATE utf8mb4_unicode_ci NOT NULL,
  `method` varchar(255) COLLATE utf8mb4_unicode_ci NOT NULL,
  `ip` varchar(255) COLLATE utf8mb4_unicode_ci NOT NULL,
  `agent` varchar(255) COLLATE utf8mb4_unicode_ci DEFAULT NULL,
  `user_id` int(11) DEFAULT NULL,
  `created_at` timestamp NULL DEFAULT NULL,
  `updated_at` timestamp NULL DEFAULT NULL,
  PRIMARY KEY (`id`)
) ENGINE=InnoDB DEFAULT CHARSET=utf8mb4 COLLATE=utf8mb4_unicode_ci;
/*!40101 SET character_set_client = @saved_cs_client */;

--
-- Dumping data for table `log_activity`
--

LOCK TABLES `log_activity` WRITE;
/*!40000 ALTER TABLE `log_activity` DISABLE KEYS */;
/*!40000 ALTER TABLE `log_activity` ENABLE KEYS */;
UNLOCK TABLES;

--
-- Table structure for table `migrations`
--

DROP TABLE IF EXISTS `migrations`;
/*!40101 SET @saved_cs_client     = @@character_set_client */;
/*!40101 SET character_set_client = utf8 */;
CREATE TABLE `migrations` (
  `id` int(10) unsigned NOT NULL AUTO_INCREMENT,
  `migration` varchar(255) COLLATE utf8mb4_unicode_ci NOT NULL,
  `batch` int(11) NOT NULL,
  PRIMARY KEY (`id`)
) ENGINE=InnoDB AUTO_INCREMENT=27 DEFAULT CHARSET=utf8mb4 COLLATE=utf8mb4_unicode_ci;
/*!40101 SET character_set_client = @saved_cs_client */;

--
-- Dumping data for table `migrations`
--

LOCK TABLES `migrations` WRITE;
/*!40000 ALTER TABLE `migrations` DISABLE KEYS */;
INSERT INTO `migrations` VALUES (1,'2014_10_12_000000_create_users_table',1),(2,'2014_10_12_100000_create_password_resets_table',1),(3,'2020_09_01_062205_create_activity_log_table',1),(4,'2020_09_02_044523_create_permission_tables',1),(5,'2020_09_02_073943_create_branches_table',1),(6,'2020_09_03_072805_create_areas_table',1),(7,'2020_09_17_025349_create_categories_table',1),(8,'2020_09_17_025356_create_items_table',1),(10,'2020_09_17_053201_create_customers_table',1),(11,'2020_09_17_053228_create_customer_branches_table',1),(12,'2020_09_22_011758_create_requests_table',1),(13,'2020_09_22_025458_create_requested_items_table',1),(14,'2020_09_22_080749_create_prepared_items_table',1),(15,'2020_09_23_005433_create_warehouses_table',1),(16,'2020_09_17_025926_create_stocks_table',2),(17,'2020_10_14_092539_create_pullouts_table',3),(20,'2020_10_15_162853_create_loans_table',4),(23,'2020_10_20_141102_create_defectives_table',5),(25,'2020_10_21_111733_create_log_activity_table',6),(26,'2020_10_21_115441_create_user_logs_table',7);
/*!40000 ALTER TABLE `migrations` ENABLE KEYS */;
UNLOCK TABLES;

--
-- Table structure for table `model_has_permissions`
--

DROP TABLE IF EXISTS `model_has_permissions`;
/*!40101 SET @saved_cs_client     = @@character_set_client */;
/*!40101 SET character_set_client = utf8 */;
CREATE TABLE `model_has_permissions` (
  `permission_id` bigint(20) unsigned NOT NULL,
  `model_type` varchar(255) COLLATE utf8mb4_unicode_ci NOT NULL,
  `model_id` bigint(20) unsigned NOT NULL,
  PRIMARY KEY (`permission_id`,`model_id`,`model_type`),
  KEY `model_has_permissions_model_id_model_type_index` (`model_id`,`model_type`),
  CONSTRAINT `model_has_permissions_permission_id_foreign` FOREIGN KEY (`permission_id`) REFERENCES `permissions` (`id`) ON DELETE CASCADE
) ENGINE=InnoDB DEFAULT CHARSET=utf8mb4 COLLATE=utf8mb4_unicode_ci;
/*!40101 SET character_set_client = @saved_cs_client */;

--
-- Dumping data for table `model_has_permissions`
--

LOCK TABLES `model_has_permissions` WRITE;
/*!40000 ALTER TABLE `model_has_permissions` DISABLE KEYS */;
/*!40000 ALTER TABLE `model_has_permissions` ENABLE KEYS */;
UNLOCK TABLES;

--
-- Table structure for table `model_has_roles`
--

DROP TABLE IF EXISTS `model_has_roles`;
/*!40101 SET @saved_cs_client     = @@character_set_client */;
/*!40101 SET character_set_client = utf8 */;
CREATE TABLE `model_has_roles` (
  `role_id` bigint(20) unsigned NOT NULL,
  `model_type` varchar(255) COLLATE utf8mb4_unicode_ci NOT NULL,
  `model_id` bigint(20) unsigned NOT NULL,
  PRIMARY KEY (`role_id`,`model_id`,`model_type`),
  KEY `model_has_roles_model_id_model_type_index` (`model_id`,`model_type`),
  CONSTRAINT `model_has_roles_role_id_foreign` FOREIGN KEY (`role_id`) REFERENCES `roles` (`id`) ON DELETE CASCADE
) ENGINE=InnoDB DEFAULT CHARSET=utf8mb4 COLLATE=utf8mb4_unicode_ci;
/*!40101 SET character_set_client = @saved_cs_client */;

--
-- Dumping data for table `model_has_roles`
--

LOCK TABLES `model_has_roles` WRITE;
/*!40000 ALTER TABLE `model_has_roles` DISABLE KEYS */;
INSERT INTO `model_has_roles` VALUES (1,'App\\User',1),(2,'App\\User',2),(2,'App\\User',3),(2,'App\\User',4),(4,'App\\User',5);
/*!40000 ALTER TABLE `model_has_roles` ENABLE KEYS */;
UNLOCK TABLES;

--
-- Table structure for table `password_resets`
--

DROP TABLE IF EXISTS `password_resets`;
/*!40101 SET @saved_cs_client     = @@character_set_client */;
/*!40101 SET character_set_client = utf8 */;
CREATE TABLE `password_resets` (
  `email` varchar(255) COLLATE utf8mb4_unicode_ci NOT NULL,
  `token` varchar(255) COLLATE utf8mb4_unicode_ci NOT NULL,
  `created_at` timestamp NULL DEFAULT NULL,
  KEY `password_resets_email_index` (`email`)
) ENGINE=InnoDB DEFAULT CHARSET=utf8mb4 COLLATE=utf8mb4_unicode_ci;
/*!40101 SET character_set_client = @saved_cs_client */;

--
-- Dumping data for table `password_resets`
--

LOCK TABLES `password_resets` WRITE;
/*!40000 ALTER TABLE `password_resets` DISABLE KEYS */;
/*!40000 ALTER TABLE `password_resets` ENABLE KEYS */;
UNLOCK TABLES;

--
-- Table structure for table `permissions`
--

DROP TABLE IF EXISTS `permissions`;
/*!40101 SET @saved_cs_client     = @@character_set_client */;
/*!40101 SET character_set_client = utf8 */;
CREATE TABLE `permissions` (
  `id` bigint(20) unsigned NOT NULL AUTO_INCREMENT,
  `name` varchar(255) COLLATE utf8mb4_unicode_ci NOT NULL,
  `guard_name` varchar(255) COLLATE utf8mb4_unicode_ci NOT NULL,
  `created_at` timestamp NULL DEFAULT NULL,
  `updated_at` timestamp NULL DEFAULT NULL,
  PRIMARY KEY (`id`)
) ENGINE=InnoDB DEFAULT CHARSET=utf8mb4 COLLATE=utf8mb4_unicode_ci;
/*!40101 SET character_set_client = @saved_cs_client */;

--
-- Dumping data for table `permissions`
--

LOCK TABLES `permissions` WRITE;
/*!40000 ALTER TABLE `permissions` DISABLE KEYS */;
/*!40000 ALTER TABLE `permissions` ENABLE KEYS */;
UNLOCK TABLES;

--
-- Table structure for table `prepared_items`
--

DROP TABLE IF EXISTS `prepared_items`;
/*!40101 SET @saved_cs_client     = @@character_set_client */;
/*!40101 SET character_set_client = utf8 */;
CREATE TABLE `prepared_items` (
  `id` bigint(20) unsigned NOT NULL AUTO_INCREMENT,
  `branch_id` int(10) unsigned DEFAULT NULL,
  `items_id` int(10) unsigned DEFAULT NULL,
  `request_no` varchar(255) COLLATE utf8mb4_unicode_ci DEFAULT NULL,
  `serial` varchar(255) COLLATE utf8mb4_unicode_ci DEFAULT NULL,
  `created_at` timestamp NULL DEFAULT NULL,
  `updated_at` timestamp NULL DEFAULT NULL,
  PRIMARY KEY (`id`)
) ENGINE=InnoDB AUTO_INCREMENT=5 DEFAULT CHARSET=utf8mb4 COLLATE=utf8mb4_unicode_ci;
/*!40101 SET character_set_client = @saved_cs_client */;

--
-- Dumping data for table `prepared_items`
--

LOCK TABLES `prepared_items` WRITE;
/*!40000 ALTER TABLE `prepared_items` DISABLE KEYS */;
INSERT INTO `prepared_items` VALUES (1,1,1,'09-10-2020-184','N/A','2020-10-09 07:18:12','2020-10-09 07:18:12'),(2,1,32,'09-10-2020-544','QW365789455645','2020-10-22 07:00:49','2020-10-22 07:00:49'),(3,1,3,'09-10-2020-126','41-fsdra','2020-10-22 07:13:36','2020-10-22 07:13:36'),(4,5,3,'23-10-2020-669','41-23asd','2020-10-23 06:48:11','2020-10-23 06:48:11');
/*!40000 ALTER TABLE `prepared_items` ENABLE KEYS */;
UNLOCK TABLES;

--
-- Table structure for table `pullouts`
--

DROP TABLE IF EXISTS `pullouts`;
/*!40101 SET @saved_cs_client     = @@character_set_client */;
/*!40101 SET character_set_client = utf8 */;
CREATE TABLE `pullouts` (
  `id` bigint(20) unsigned NOT NULL AUTO_INCREMENT,
  `user_id` int(10) unsigned DEFAULT NULL,
  `branch_id` int(10) unsigned DEFAULT NULL,
  `customer_id` int(10) unsigned DEFAULT NULL,
  `customer_branch_id` int(10) unsigned DEFAULT NULL,
  `category_id` int(10) unsigned DEFAULT NULL,
  `items_id` int(10) unsigned DEFAULT NULL,
  `serial` varchar(255) COLLATE utf8mb4_unicode_ci DEFAULT NULL,
  `status` varchar(255) COLLATE utf8mb4_unicode_ci DEFAULT NULL,
  `created_at` timestamp NULL DEFAULT NULL,
  `updated_at` timestamp NULL DEFAULT NULL,
  PRIMARY KEY (`id`)
) ENGINE=InnoDB AUTO_INCREMENT=10 DEFAULT CHARSET=utf8mb4 COLLATE=utf8mb4_unicode_ci;
/*!40101 SET character_set_client = @saved_cs_client */;

--
-- Dumping data for table `pullouts`
--

LOCK TABLES `pullouts` WRITE;
/*!40000 ALTER TABLE `pullouts` DISABLE KEYS */;
INSERT INTO `pullouts` VALUES (1,2,1,1,12,1,2,'N/A','pullout','2020-10-14 01:39:53','2020-10-14 01:39:53'),(2,2,1,1,9,3,17,'N/A','pullout','2020-10-14 01:42:05','2020-10-14 01:42:05'),(3,2,1,1,10,1,1,'N/A','replaced','2020-10-14 01:45:15','2020-10-15 04:49:31'),(4,2,1,1,10,4,5,'N/A','replaced','2020-10-14 01:45:16','2020-10-20 06:43:52'),(5,2,1,1,10,11,60,'N/A','replaced','2020-10-14 01:45:16','2020-10-20 07:02:35'),(6,2,1,1,14,4,5,'N/A','pullout','2020-10-14 01:45:57','2020-10-14 01:45:57'),(7,2,1,1,14,5,25,'N/A','pullout','2020-10-14 01:45:57','2020-10-14 01:45:57'),(8,2,1,1,10,3,16,'1234','replaced','2020-10-22 07:21:16','2020-10-23 06:12:39'),(9,2,1,1,10,2,10,'N/A','pullout','2020-10-23 06:10:21','2020-10-23 06:10:21');
/*!40000 ALTER TABLE `pullouts` ENABLE KEYS */;
UNLOCK TABLES;

--
-- Table structure for table `requested_items`
--

DROP TABLE IF EXISTS `requested_items`;
/*!40101 SET @saved_cs_client     = @@character_set_client */;
/*!40101 SET character_set_client = utf8 */;
CREATE TABLE `requested_items` (
  `id` bigint(20) unsigned NOT NULL AUTO_INCREMENT,
  `request_no` varchar(255) COLLATE utf8mb4_unicode_ci DEFAULT NULL,
  `items_id` int(10) unsigned DEFAULT NULL,
  `purpose` varchar(255) COLLATE utf8mb4_unicode_ci DEFAULT NULL,
  `quantity` int(10) unsigned DEFAULT NULL,
  `created_at` timestamp NULL DEFAULT NULL,
  `updated_at` timestamp NULL DEFAULT NULL,
  PRIMARY KEY (`id`)
) ENGINE=InnoDB AUTO_INCREMENT=7 DEFAULT CHARSET=utf8mb4 COLLATE=utf8mb4_unicode_ci;
/*!40101 SET character_set_client = @saved_cs_client */;

--
-- Dumping data for table `requested_items`
--

LOCK TABLES `requested_items` WRITE;
/*!40000 ALTER TABLE `requested_items` DISABLE KEYS */;
INSERT INTO `requested_items` VALUES (1,'09-10-2020-184',1,'1',1,'2020-10-09 07:09:43','2020-10-09 07:09:43'),(2,'09-10-2020-126',11,'1',1,'2020-10-09 07:10:56','2020-10-09 07:10:56'),(3,'09-10-2020-697',12,'2',1,'2020-10-09 07:12:07','2020-10-09 07:12:07'),(4,'09-10-2020-544',11,'1',1,'2020-10-09 07:14:37','2020-10-09 07:14:37'),(5,'09-10-2020-544',32,'2',1,'2020-10-09 07:14:37','2020-10-09 07:14:37'),(6,'22-10-2020-130',10,'3',2,'2020-10-22 07:18:32','2020-10-22 07:18:32');
/*!40000 ALTER TABLE `requested_items` ENABLE KEYS */;
UNLOCK TABLES;

--
-- Table structure for table `requests`
--

DROP TABLE IF EXISTS `requests`;
/*!40101 SET @saved_cs_client     = @@character_set_client */;
/*!40101 SET character_set_client = utf8 */;
CREATE TABLE `requests` (
  `id` bigint(20) unsigned NOT NULL AUTO_INCREMENT,
  `request_no` varchar(255) COLLATE utf8mb4_unicode_ci DEFAULT NULL,
  `user_id` int(10) unsigned DEFAULT NULL,
  `branch_id` varchar(255) COLLATE utf8mb4_unicode_ci DEFAULT NULL,
  `area_id` varchar(255) COLLATE utf8mb4_unicode_ci DEFAULT NULL,
  `schedule` date DEFAULT NULL,
  `status` int(10) unsigned DEFAULT NULL,
  `created_at` timestamp NULL DEFAULT NULL,
  `updated_at` timestamp NULL DEFAULT NULL,
  PRIMARY KEY (`id`)
) ENGINE=InnoDB AUTO_INCREMENT=7 DEFAULT CHARSET=utf8mb4 COLLATE=utf8mb4_unicode_ci;
/*!40101 SET character_set_client = @saved_cs_client */;

--
-- Dumping data for table `requests`
--

LOCK TABLES `requests` WRITE;
/*!40000 ALTER TABLE `requests` DISABLE KEYS */;
INSERT INTO `requests` VALUES (1,'09-10-2020-184',2,'1','1','2020-10-10',2,'2020-10-09 07:09:43','2020-10-27 09:09:17'),(2,'09-10-2020-126',5,'1','1','2020-10-23',2,'2020-10-09 07:10:56','2020-10-28 00:58:26'),(4,'09-10-2020-544',5,'1','1','2020-10-30',2,'2020-10-09 07:14:37','2020-10-28 00:35:25'),(5,'22-10-2020-130',2,'1','1',NULL,0,'2020-10-22 07:18:32','2020-10-22 07:18:32'),(6,'23-10-2020-669',1,'5','1','2020-10-24',1,'2020-10-23 06:46:44','2020-10-23 06:48:10');
/*!40000 ALTER TABLE `requests` ENABLE KEYS */;
UNLOCK TABLES;

--
-- Table structure for table `role_has_permissions`
--

DROP TABLE IF EXISTS `role_has_permissions`;
/*!40101 SET @saved_cs_client     = @@character_set_client */;
/*!40101 SET character_set_client = utf8 */;
CREATE TABLE `role_has_permissions` (
  `permission_id` bigint(20) unsigned NOT NULL,
  `role_id` bigint(20) unsigned NOT NULL,
  PRIMARY KEY (`permission_id`,`role_id`),
  KEY `role_has_permissions_role_id_foreign` (`role_id`),
  CONSTRAINT `role_has_permissions_permission_id_foreign` FOREIGN KEY (`permission_id`) REFERENCES `permissions` (`id`) ON DELETE CASCADE,
  CONSTRAINT `role_has_permissions_role_id_foreign` FOREIGN KEY (`role_id`) REFERENCES `roles` (`id`) ON DELETE CASCADE
) ENGINE=InnoDB DEFAULT CHARSET=utf8mb4 COLLATE=utf8mb4_unicode_ci;
/*!40101 SET character_set_client = @saved_cs_client */;

--
-- Dumping data for table `role_has_permissions`
--

LOCK TABLES `role_has_permissions` WRITE;
/*!40000 ALTER TABLE `role_has_permissions` DISABLE KEYS */;
/*!40000 ALTER TABLE `role_has_permissions` ENABLE KEYS */;
UNLOCK TABLES;

--
-- Table structure for table `roles`
--

DROP TABLE IF EXISTS `roles`;
/*!40101 SET @saved_cs_client     = @@character_set_client */;
/*!40101 SET character_set_client = utf8 */;
CREATE TABLE `roles` (
  `id` bigint(20) unsigned NOT NULL AUTO_INCREMENT,
  `name` varchar(255) COLLATE utf8mb4_unicode_ci NOT NULL,
  `guard_name` varchar(255) COLLATE utf8mb4_unicode_ci NOT NULL,
  `created_at` timestamp NULL DEFAULT NULL,
  `updated_at` timestamp NULL DEFAULT NULL,
  PRIMARY KEY (`id`)
) ENGINE=InnoDB AUTO_INCREMENT=5 DEFAULT CHARSET=utf8mb4 COLLATE=utf8mb4_unicode_ci;
/*!40101 SET character_set_client = @saved_cs_client */;

--
-- Dumping data for table `roles`
--

LOCK TABLES `roles` WRITE;
/*!40000 ALTER TABLE `roles` DISABLE KEYS */;
INSERT INTO `roles` VALUES (1,'Administrator','web','2020-10-09 04:54:16','2020-10-09 04:54:16'),(2,'Head','web','2020-10-09 04:54:16','2020-10-09 04:54:16'),(4,'Tech','web','2020-10-22 23:58:48','2020-10-22 23:58:49');
/*!40000 ALTER TABLE `roles` ENABLE KEYS */;
UNLOCK TABLES;

--
-- Table structure for table `stocks`
--

DROP TABLE IF EXISTS `stocks`;
/*!40101 SET @saved_cs_client     = @@character_set_client */;
/*!40101 SET character_set_client = utf8 */;
CREATE TABLE `stocks` (
  `id` bigint(20) unsigned NOT NULL AUTO_INCREMENT,
  `category_id` int(10) unsigned DEFAULT NULL,
  `branch_id` int(10) unsigned DEFAULT NULL,
  `items_id` int(10) unsigned DEFAULT NULL,
  `user_id` int(10) unsigned DEFAULT NULL,
  `serial` varchar(255) COLLATE utf8mb4_unicode_ci DEFAULT NULL,
  `status` varchar(255) COLLATE utf8mb4_unicode_ci DEFAULT NULL,
  `customer_branches_id` int(10) unsigned DEFAULT NULL,
  `id_branch` int(10) unsigned DEFAULT NULL,
  `created_at` timestamp NULL DEFAULT NULL,
  `updated_at` timestamp NULL DEFAULT NULL,
  PRIMARY KEY (`id`)
) ENGINE=InnoDB AUTO_INCREMENT=35 DEFAULT CHARSET=utf8mb4 COLLATE=utf8mb4_unicode_ci;
/*!40101 SET character_set_client = @saved_cs_client */;

--
-- Dumping data for table `stocks`
--

LOCK TABLES `stocks` WRITE;
/*!40000 ALTER TABLE `stocks` DISABLE KEYS */;
INSERT INTO `stocks` VALUES (1,1,1,1,2,'N/A','replacement',10,NULL,'2020-10-09 08:20:49','2020-10-15 04:49:31'),(2,4,1,5,2,'N/A','replacement',10,NULL,'2020-10-09 08:20:49','2020-10-20 06:43:52'),(3,4,1,5,NULL,'N/A','in',NULL,NULL,'2020-10-09 08:20:49','2020-10-09 08:20:49'),(4,2,1,10,NULL,'N/A','in',NULL,NULL,'2020-10-09 08:21:25','2020-10-09 08:21:25'),(5,6,1,30,NULL,'N/A','in',NULL,NULL,'2020-10-09 08:21:25','2020-10-15 04:55:42'),(6,4,1,5,NULL,'N/A','in',NULL,NULL,'2020-10-09 08:21:25','2020-10-09 08:21:25'),(7,8,1,37,NULL,'N/A','in',NULL,NULL,'2020-10-09 08:21:25','2020-10-09 08:21:25'),(8,7,1,33,NULL,'N/A','in',NULL,NULL,'2020-10-09 08:21:25','2020-10-09 08:21:25'),(9,1,5,2,3,'N/A','loan',NULL,1,'2020-10-20 00:03:35','2020-10-23 06:36:44'),(10,7,5,32,3,'N/A','in',NULL,NULL,'2020-10-20 00:03:35','2020-10-20 00:03:35'),(11,4,5,4,3,'N/A','loan',NULL,1,'2020-10-20 00:03:35','2020-10-22 06:31:38'),(17,2,1,9,5,'N/A','defective',2053,5,'2020-10-20 05:50:56','2020-10-28 02:39:08'),(18,11,1,60,2,'N/A','replacement',10,NULL,'2020-10-20 07:02:14','2020-10-20 07:02:35'),(19,4,2,5,4,'N/A','in',NULL,NULL,'2020-10-21 08:03:22','2020-10-21 08:03:22'),(20,7,2,32,4,'N/A','in',NULL,NULL,'2020-10-21 08:03:22','2020-10-21 08:03:22'),(21,3,2,17,4,'N/A','in',NULL,NULL,'2020-10-21 08:03:22','2020-10-21 08:03:22'),(22,2,1,11,3,'N/A','in',NULL,5,'2020-10-22 06:26:02','2020-10-22 06:26:02'),(23,2,1,11,3,'N/A','in',NULL,5,'2020-10-22 06:26:05','2020-10-22 06:26:05'),(24,2,1,11,2,'N/A','in',NULL,5,'2020-10-22 06:31:38','2020-10-22 06:32:07'),(25,9,2,40,4,'N/A','in',NULL,NULL,'2020-10-23 06:01:20','2020-10-23 06:01:20'),(26,6,2,29,4,'N/A','in',NULL,NULL,'2020-10-23 06:01:20','2020-10-23 06:01:20'),(27,4,2,4,4,'N/A','in',NULL,NULL,'2020-10-23 06:01:20','2020-10-23 06:01:20'),(28,3,1,16,2,'N/A','replacement',10,NULL,'2020-10-23 06:11:58','2020-10-23 06:12:39'),(29,2,1,9,3,'N/A','3',NULL,5,'2020-10-23 06:36:44','2020-10-23 06:36:44'),(30,0,1,1,2,'N/A','in',NULL,NULL,'2020-10-27 09:09:16','2020-10-27 09:09:16'),(31,7,1,32,5,'QW365789455645','in',NULL,NULL,'2020-10-28 00:35:25','2020-10-28 00:35:25'),(32,4,1,3,5,'41-fsdra','in',NULL,NULL,'2020-10-28 00:58:27','2020-10-28 00:58:27'),(33,3,1,16,5,'N/A','in',NULL,NULL,'2020-10-28 02:54:02','2020-10-28 02:54:02'),(34,1,1,1,5,'N/A','in',NULL,NULL,'2020-10-28 02:54:02','2020-10-28 02:54:02');
/*!40000 ALTER TABLE `stocks` ENABLE KEYS */;
UNLOCK TABLES;

--
-- Table structure for table `user_logs`
--

DROP TABLE IF EXISTS `user_logs`;
/*!40101 SET @saved_cs_client     = @@character_set_client */;
/*!40101 SET character_set_client = utf8 */;
CREATE TABLE `user_logs` (
  `id` bigint(20) unsigned NOT NULL AUTO_INCREMENT,
  `activity` varchar(255) COLLATE utf8mb4_unicode_ci NOT NULL,
  `user_id` int(11) DEFAULT NULL,
  `created_at` timestamp NULL DEFAULT NULL,
  `updated_at` timestamp NULL DEFAULT NULL,
  PRIMARY KEY (`id`)
) ENGINE=InnoDB AUTO_INCREMENT=37 DEFAULT CHARSET=utf8mb4 COLLATE=utf8mb4_unicode_ci;
/*!40101 SET character_set_client = @saved_cs_client */;

--
-- Dumping data for table `user_logs`
--

LOCK TABLES `user_logs` WRITE;
/*!40000 ALTER TABLE `user_logs` DISABLE KEYS */;
INSERT INTO `user_logs` VALUES (1,'Add stock Lcd 15\' Adaptor with serial no. N/A.',1,'2020-10-21 05:56:02','2020-10-21 05:56:02'),(2,'Add stock Tmu675 Printer with serial no. N/A.',1,'2020-10-21 05:56:02','2020-10-21 05:56:02'),(3,'Add stock Magellan Sh2300 Flatbed Scanner with serial no. N/A.',1,'2020-10-21 05:56:02','2020-10-21 05:56:02'),(4,'Add stock Tm-H6000IV Printer White with serial no. N/A.',4,'2020-10-21 08:03:22','2020-10-21 08:03:22'),(5,'Add stock Ps2 101 Keyboard with serial no. N/A.',4,'2020-10-21 08:03:22','2020-10-21 08:03:22'),(6,'Add stock Lcd 12.1 Adaptor with serial no. N/A.',4,'2020-10-21 08:03:22','2020-10-21 08:03:22'),(7,'Request Tmu675 Printer from Caloocan.',4,'2020-10-21 09:21:09','2020-10-21 09:21:09'),(8,'Request Lcd 12.1 Adaptor from Mandaluyong.',3,'2020-10-22 01:32:12','2020-10-22 01:32:12'),(9,'Request Tmu675 Printer from Caloocan.',2,'2020-10-22 06:16:59','2020-10-22 06:16:59'),(10,'Request Ps2 101 Keyboard from Caloocan.',2,'2020-10-22 06:17:11','2020-10-22 06:17:11'),(11,'Approved request Tmu675 Printer from San Juan',3,'2020-10-22 06:31:38','2020-10-22 06:31:38'),(12,'Received request Atx 20Pins Power Supply from Caloocan.',2,'2020-10-22 06:32:07','2020-10-22 06:32:07'),(13,'Approved request Tmu675 Printer from San Juan',2,'2020-10-22 06:32:07','2020-10-22 06:32:07'),(14,'Add stock Ps2 101 Keyboard with serial no. QW365789455645.',1,'2020-10-22 06:59:18','2020-10-22 06:59:18'),(15,'Add stock Lcd 12.1 Gsan Monitor with serial no. SW452145541126.',1,'2020-10-22 06:59:18','2020-10-22 06:59:18'),(16,'Add stock Atx 20Pins Power Supply with serial no. 12341.',1,'2020-10-22 07:15:01','2020-10-22 07:15:01'),(17,'Create Stock Request no. 22-10-2020-130',2,'2020-10-22 07:18:32','2020-10-22 07:18:32'),(18,'Pull-out Lcd 15\' Adaptor from  Sampaloc - Legarda.',2,'2020-10-22 07:21:16','2020-10-22 07:21:16'),(19,'Service out Fsp 24Pins Power Supply to MCTC Sta. Cecilla Business Center 1.',2,'2020-10-22 07:23:46','2020-10-22 07:23:46'),(20,'Receive defective 745 Swicht Assembly from San Juan.',2,'2020-10-22 08:03:37','2020-10-22 08:03:37'),(21,'Add stock 722 i/o Port & Rizer Card with serial no. N/A.',4,'2020-10-23 06:01:20','2020-10-23 06:01:20'),(22,'Add stock Compact Size Cash Drawer with serial no. N/A.',4,'2020-10-23 06:01:20','2020-10-23 06:01:20'),(23,'Add stock Tmu675 Printer with serial no. N/A.',4,'2020-10-23 06:01:20','2020-10-23 06:01:20'),(24,'Pull-out Atx 24Pins Power Supply from  Sampaloc - Legarda.',2,'2020-10-23 06:10:21','2020-10-23 06:10:21'),(25,'Add stock Lcd 15\' Adaptor with serial no. N/A.',2,'2020-10-23 06:11:58','2020-10-23 06:11:58'),(26,'Request Lcd 12.1 Gsan Monitor from Caloocan.',2,'2020-10-23 06:34:42','2020-10-23 06:34:42'),(27,'Approved request Lcd 12.1 Gsan Monitor from San Juan',3,'2020-10-23 06:36:44','2020-10-23 06:36:44'),(28,'Create Stock Request no. 23-10-2020-669',3,'2020-10-23 06:46:44','2020-10-23 06:46:44'),(29,'Return defective 745 Swicht Assembly to Warehouse.',1,'2020-10-23 07:18:39','2020-10-23 07:18:39'),(30,'Request Lcd 12.1 Adaptor from Mandaluyong.',5,'2020-10-28 01:48:27','2020-10-28 01:48:27'),(31,'Request Lcd 12.1 Adaptor from Mandaluyong.',5,'2020-10-28 01:48:30','2020-10-28 01:48:30'),(32,'Request Tm-H6000IV Printer White from Mandaluyong.',5,'2020-10-28 01:50:04','2020-10-28 01:50:04'),(33,'Delete Tm-H6000IV Printer White loan request',5,'2020-10-28 02:11:27','2020-10-28 02:11:27'),(34,'Service in Fsp 24Pins Power Supply(defective) from MCTC Sta. Cecilla Business Center 1.',5,'2020-10-28 02:39:08','2020-10-28 02:39:08'),(35,'Add stock Lcd 15\' Adaptor with serial no. N/A.',5,'2020-10-28 02:54:02','2020-10-28 02:54:02'),(36,'Add stock Lcd 12.1 Monitor with serial no. N/A.',5,'2020-10-28 02:54:02','2020-10-28 02:54:02');
/*!40000 ALTER TABLE `user_logs` ENABLE KEYS */;
UNLOCK TABLES;

--
-- Table structure for table `users`
--

DROP TABLE IF EXISTS `users`;
/*!40101 SET @saved_cs_client     = @@character_set_client */;
/*!40101 SET character_set_client = utf8 */;
CREATE TABLE `users` (
  `id` bigint(20) unsigned NOT NULL AUTO_INCREMENT,
  `area_id` int(10) unsigned NOT NULL,
  `branch_id` int(10) unsigned NOT NULL,
  `name` varchar(255) COLLATE utf8mb4_unicode_ci NOT NULL,
  `lastname` varchar(255) COLLATE utf8mb4_unicode_ci NOT NULL,
  `email` varchar(255) COLLATE utf8mb4_unicode_ci NOT NULL,
  `password` varchar(255) COLLATE utf8mb4_unicode_ci NOT NULL,
  `status` int(11) NOT NULL,
  `remember_token` varchar(100) COLLATE utf8mb4_unicode_ci DEFAULT NULL,
  `created_at` timestamp NULL DEFAULT NULL,
  `updated_at` timestamp NULL DEFAULT NULL,
  PRIMARY KEY (`id`),
  UNIQUE KEY `users_email_unique` (`email`)
) ENGINE=InnoDB AUTO_INCREMENT=6 DEFAULT CHARSET=utf8mb4 COLLATE=utf8mb4_unicode_ci;
/*!40101 SET character_set_client = @saved_cs_client */;

--
-- Dumping data for table `users`
--

LOCK TABLES `users` WRITE;
/*!40000 ALTER TABLE `users` DISABLE KEYS */;
INSERT INTO `users` VALUES (1,1,999,'Jerome','Lopez','warehouse@gmail.com','$2y$10$kmDyupS4yj6lNKd56/biU.5tG1jg9.lMrz4yp.VkDBiJEY3FoOK7C',1,'V5lDixhLad3cC3hek5fD6jvJ4W7SbENmASvbi9ibUpZ5uNsRnkLseFH7mETg','2020-10-09 04:54:16','2020-10-22 06:47:12'),(2,1,1,'Adelbert','Arce','sanjuan@gmail.com','$2y$10$hLexmBx5Y1ifAmmUNSgoGOhBhlvo3cTzMt5BgZQq8Ti/FLpixgoEu',1,'RawrIKCKyRAPMLfWqWFqCvZLZDehfCl8nZWxCxTFKDFz4FGqFUGlg6wZGxLb','2020-10-09 05:50:58','2020-10-23 03:33:53'),(3,1,5,'Glenn','Abad','caloocan@gmail.com','$2y$10$LbVoHDQQQULLrwDQoYLkY.7DBl.rHumSDs43qaKwBIoYc/u7fqJ4S',1,NULL,'2020-10-15 06:13:02','2020-10-23 03:19:17'),(4,1,2,'Arnel','Rose','mandaluyong@gmail.com','$2y$10$8.bm3Hpz6iUd8tHUKTEOtex0882ASRKVFy6zdZxzp.Jc0js3PiB7e',1,NULL,'2020-10-21 08:01:08','2020-10-23 03:21:01'),(5,1,1,'Apple','Salas','salasappleo@gmail.com','$2y$10$qFGDYo9GE4sgPwwTrIJWVu/9fXliTpR4qo5E8wdRdGua/439ZvQ8e',1,NULL,'2020-10-23 03:37:06','2020-10-23 03:37:06');
/*!40000 ALTER TABLE `users` ENABLE KEYS */;
UNLOCK TABLES;

--
-- Table structure for table `warehouses`
--

DROP TABLE IF EXISTS `warehouses`;
/*!40101 SET @saved_cs_client     = @@character_set_client */;
/*!40101 SET character_set_client = utf8 */;
CREATE TABLE `warehouses` (
  `id` bigint(20) unsigned NOT NULL AUTO_INCREMENT,
  `request_no` varchar(255) COLLATE utf8mb4_unicode_ci DEFAULT NULL,
  `user_id` varchar(255) COLLATE utf8mb4_unicode_ci DEFAULT NULL,
  `category_id` int(10) unsigned DEFAULT NULL,
  `items_id` int(10) unsigned DEFAULT NULL,
  `serial` varchar(255) COLLATE utf8mb4_unicode_ci DEFAULT NULL,
  `status` varchar(255) COLLATE utf8mb4_unicode_ci DEFAULT NULL,
  `branch_id` varchar(255) COLLATE utf8mb4_unicode_ci DEFAULT NULL,
  `schedule` date DEFAULT NULL,
  `created_at` timestamp NULL DEFAULT NULL,
  `updated_at` timestamp NULL DEFAULT NULL,
  PRIMARY KEY (`id`)
) ENGINE=InnoDB AUTO_INCREMENT=12 DEFAULT CHARSET=utf8mb4 COLLATE=utf8mb4_unicode_ci;
/*!40101 SET character_set_client = @saved_cs_client */;

--
-- Dumping data for table `warehouses`
--

LOCK TABLES `warehouses` WRITE;
/*!40000 ALTER TABLE `warehouses` DISABLE KEYS */;
INSERT INTO `warehouses` VALUES (1,'09-10-2020-184',NULL,1,1,'N/A','sent','1',NULL,'2020-10-09 07:04:36','2020-10-09 07:18:12'),(2,'09-10-2020-126','1',4,3,'41-fsdra','sent','1',NULL,'2020-10-09 07:04:36','2020-10-22 07:13:36'),(3,'23-10-2020-669','1',4,3,'41-23asd','sent','5',NULL,'2020-10-09 07:04:36','2020-10-23 06:48:11'),(4,NULL,NULL,4,5,'N/A','in',NULL,NULL,'2020-10-09 07:04:36','2020-10-09 07:04:36'),(5,NULL,NULL,6,29,'N/A','in',NULL,NULL,'2020-10-09 07:04:36','2020-10-09 07:04:36'),(6,NULL,'1',3,16,'N/A','in',NULL,NULL,'2020-10-21 05:56:02','2020-10-21 05:56:02'),(7,NULL,'1',4,4,'N/A','in',NULL,NULL,'2020-10-21 05:56:02','2020-10-21 05:56:02'),(8,NULL,'1',5,25,'N/A','in',NULL,NULL,'2020-10-21 05:56:02','2020-10-21 05:56:02'),(9,'09-10-2020-544','1',7,32,'QW365789455645','sent','1',NULL,'2020-10-22 06:59:18','2020-10-22 07:00:49'),(10,NULL,'1',1,2,'SW452145541126','in',NULL,NULL,'2020-10-22 06:59:18','2020-10-22 06:59:18'),(11,NULL,'1',2,11,'12341','in',NULL,NULL,'2020-10-22 07:15:01','2020-10-22 07:15:01');
/*!40000 ALTER TABLE `warehouses` ENABLE KEYS */;
UNLOCK TABLES;
/*!40103 SET TIME_ZONE=@OLD_TIME_ZONE */;

/*!40101 SET SQL_MODE=@OLD_SQL_MODE */;
/*!40014 SET FOREIGN_KEY_CHECKS=@OLD_FOREIGN_KEY_CHECKS */;
/*!40014 SET UNIQUE_CHECKS=@OLD_UNIQUE_CHECKS */;
/*!40101 SET CHARACTER_SET_CLIENT=@OLD_CHARACTER_SET_CLIENT */;
/*!40101 SET CHARACTER_SET_RESULTS=@OLD_CHARACTER_SET_RESULTS */;
/*!40101 SET COLLATION_CONNECTION=@OLD_COLLATION_CONNECTION */;
/*!40111 SET SQL_NOTES=@OLD_SQL_NOTES */;

-- Dump completed on 2020-10-28 14:05:48
